matrix_id,variant,checkpoint_label,eval_input_label,checkpoint_train_dataset_family,checkpoint_train_dataset_input_mode,eval_dataset_family,eval_dataset_input_mode,sample_index,sample_id,normal_id,dark_id,valid_pixels,align_scale,align_shift,abs_rel,sq_rel,rmse,rmse_log,log10,silog,silog_x100,d1,d2,d3,post_ram_enabled,post_ram_scale,post_ram_mean_abs_xram,post_ram_mean_abs_delta,post_ram_delta_ratio,post_ram_xram_p1,post_ram_xram_p50,post_ram_xram_p99,post_ram_xclean_p1,post_ram_xclean_p50,post_ram_xclean_p99
M_DD,strict,C_dark,I_dark,lod_true_raw_dark_rgb16,raw_rgb16_dark,lod_true_raw_dark_rgb16,raw_rgb16_dark,0,lod-0021-0022,21,22,484030,63.14729885505078,29.588608346072117,9.442824187556393,792.0864555342166,15.43713210966856,0.2841996828739498,0.028523721614815322,0.2838858455928966,28.388584559289658,0.9630126231845133,0.9762824618308783,0.9847922649422557,1.0,0.10009765625,0.8828125,0.059814453125,0.06787109375,-1.3671875,-0.28125,5.3125,-1.40625,-0.3203125,4.875
M_DD,strict,C_dark,I_dark,lod_true_raw_dark_rgb16,raw_rgb16_dark,lod_true_raw_dark_rgb16,raw_rgb16_dark,1,lod-0023-0024,23,24,491519,65.27756801500378,-2.0254971646570215,1.3326792893966208,69.25916698221856,24.17741317148913,0.38847108427239796,0.06622880268281019,0.385665806606726,38.5665806606726,0.8248612973252306,0.9216958042313725,0.9492084741383344,1.0,0.10009765625,0.85546875,0.07177734375,0.083984375,-1.46875,-0.609375,3.609375,-1.53125,-0.66015625,3.4375
M_DD,strict,C_dark,I_dark,lod_true_raw_dark_rgb16,raw_rgb16_dark,lod_true_raw_dark_rgb16,raw_rgb16_dark,2,lod-0025-0026,25,26,491520,52.96219983921638,-12.159303817181037,0.3445816335895116,13.01276214776359,31.458152879199254,0.3970492537005816,0.09660759351549154,0.39135216765529923,39.135216765529925,0.727862548828125,0.8613810221354167,0.9268391927083334,1.0,0.10009765625,0.7734375,0.07763671875,0.1005859375,-1.375,-0.16796875,1.921875,-1.4375,-0.1953125,1.921875
M_DD,strict,C_dark,I_dark,lod_true_raw_dark_rgb16,raw_rgb16_dark,lod_true_raw_dark_rgb16,raw_rgb16_dark,3,lod-0027-0028,27,28,489989,62.38356023922217,-12.579487612469045,8.345725152836167,258.2372707172648,65.37237673110823,0.5556937928251736,0.12063391997390589,0.5480341772457766,54.80341772457766,0.6967319674523306,0.7913198051384827,0.8669072162844472,1.0,0.10009765625,0.6953125,0.078125,0.1123046875,-1.3671875,-0.2734375,1.75,-1.4375,-0.318359375,1.75
M_DD,strict,C_dark,I_dark,lod_true_raw_dark_rgb16,raw_rgb16_dark,lod_true_raw_dark_rgb16,raw_rgb16_dark,4,lod-0029-0030,29,30,489782,66.29319676033866,-63.08166637988885,0.6719316673330286,51.29866747859674,60.37410622797332,3.5950334978753022,0.48179834338541055,3.554728198770766,355.4728198770766,0.6121907297532372,0.7572654772939797,0.8180557880853114,1.0,0.10009765625,0.6484375,0.07763671875,0.11962890625,-1.2109375,-0.28515625,1.890625,-1.265625,-0.34765625,1.84375
M_DD,strict,C_dark,I_dark,lod_true_raw_dark_rgb16,raw_rgb16_dark,lod_true_raw_dark_rgb16,raw_rgb16_dark,5,lod-0031-0032,31,32,491473,70.93368647716734,-30.11730854478357,0.2176404664044359,5.687309587301225,17.428798255908607,0.8582321268069237,0.05788645916402515,0.8577671541755596,85.77671541755596,0.8972008635265823,0.9684418065692316,0.9814944055929827,1.0,0.10009765625,0.80078125,0.0673828125,0.083984375,-0.76953125,0.373046875,3.78125,-0.78125,0.35546875,3.171875
M_DD,strict,C_dark,I_dark,lod_true_raw_dark_rgb16,raw_rgb16_dark,lod_true_raw_dark_rgb16,raw_rgb16_dark,6,lod-0033-0034,33,34,491493,71.75762852857179,-57.28991390853328,0.17630127922454572,3.820419398141169,17.56213056142644,0.19754942993802915,0.04645904164342281,0.19709640084498886,19.709640084498886,0.8816707460736979,0.9597837609080903,0.9827667942371509,1.0,0.10009765625,0.578125,0.0712890625,0.12353515625,-1.125,0.10009765625,1.984375,-1.140625,0.08251953125,1.6953125
M_DD,strict,C_dark,I_dark,lod_true_raw_dark_rgb16,raw_rgb16_dark,lod_true_raw_dark_rgb16,raw_rgb16_dark,7,lod-0035-0036,35,36,491520,75.27440570339384,-52.20529424343504,0.09106092259066242,2.776255944682572,17.785387020510683,0.1492695395340459,0.03764414702840326,0.1492286635154319,14.92286635154319,0.915594482421875,0.9765767415364583,0.992724609375,1.0,0.10009765625,0.79296875,0.0703125,0.0888671875,-1.140625,0.35546875,3.203125,-1.140625,0.33984375,2.71875
M_DD,strict,C_dark,I_dark,lod_true_raw_dark_rgb16,raw_rgb16_dark,lod_true_raw_dark_rgb16,raw_rgb16_dark,8,lod-0037-0038,37,38,491188,83.08305602857773,-89.84997541992594,6.062704103423223,301.2241471182537,35.23072026967046,0.6555871856848143,0.12252877128628821,0.654860102636268,65.48601026362681,0.6890335268776925,0.7866030929094359,0.8745164784155964,1.0,0.10009765625,0.357421875,0.07470703125,0.208984375,-0.79296875,-0.0869140625,1.171875,-0.84765625,-0.1328125,1.1015625
M_DD,strict,C_dark,I_dark,lod_true_raw_dark_rgb16,raw_rgb16_dark,lod_true_raw_dark_rgb16,raw_rgb16_dark,9,lod-0039-0040,39,40,491520,65.12810971631028,-31.274903687442187,0.1105324693106933,3.918989254464,20.044806562055598,0.1727525355113515,0.043849065684716325,0.1724295985922703,17.24295985922703,0.8818359375,0.96627197265625,0.988092041015625,1.0,0.10009765625,0.55859375,0.076171875,0.13671875,-0.88671875,0.11767578125,1.7578125,-0.9140625,0.0849609375,1.53125
M_DD,strict,C_dark,I_dark,lod_true_raw_dark_rgb16,raw_rgb16_dark,lod_true_raw_dark_rgb16,raw_rgb16_dark,10,lod-0041-0042,41,42,491520,68.10150307710103,-23.47456730016147,0.23388226641610935,17.39926207997315,29.86193983485638,0.3149485180547415,0.06983445551894064,0.3133480563885832,31.33480563885832,0.851263427734375,0.93817138671875,0.9597554524739583,1.0,0.10009765625,0.3359375,0.07666015625,0.228515625,-0.84765625,-0.298828125,0.5,-0.90625,-0.35546875,0.50390625
M_DD,strict,C_dark,I_dark,lod_true_raw_dark_rgb16,raw_rgb16_dark,lod_true_raw_dark_rgb16,raw_rgb16_dark,11,lod-0043-0044,43,44,480254,61.716775984216596,-29.587339580852863,101.47351415644613,12340.919729536534,27.09044188035486,4.057699362237949,0.5390802649076895,3.9841831032367243,398.4183103236724,0.79024849350552,0.8597617094287606,0.884484043860124,1.0,0.10009765625,0.73828125,0.0654296875,0.0888671875,-1.109375,0.2275390625,3.53125,-1.125,0.1875,3.234375
M_DD,strict,C_dark,I_dark,lod_true_raw_dark_rgb16,raw_rgb16_dark,lod_true_raw_dark_rgb16,raw_rgb16_dark,12,lod-0045-0046,45,46,489707,64.70414842375686,-26.556293946893135,0.2260821626161867,8.388384469877375,29.278909599341464,2.4529544232956413,0.2577891071444879,2.4351853546031674,243.51853546031674,0.7428135599450284,0.8418237844261977,0.9061152893464868,1.0,0.10009765625,0.486328125,0.07275390625,0.1494140625,-1.1015625,-0.1357421875,1.1953125,-1.125,-0.18359375,1.15625
M_DD,strict,C_dark,I_dark,lod_true_raw_dark_rgb16,raw_rgb16_dark,lod_true_raw_dark_rgb16,raw_rgb16_dark,13,lod-0047-0048,47,48,491520,67.47181740891243,-20.193069430868643,0.09285799767886933,3.481777635095936,18.99509492944032,0.18205440991152885,0.03422397878458297,0.1819352101435917,18.19352101435917,0.946087646484375,0.9730692545572917,0.9840128580729167,1.0,0.10009765625,0.56640625,0.0712890625,0.1259765625,-1.0703125,-0.359375,2.375,-1.09375,-0.43359375,2.078125
M_DD,strict,C_dark,I_dark,lod_true_raw_dark_rgb16,raw_rgb16_dark,lod_true_raw_dark_rgb16,raw_rgb16_dark,14,lod-0649-0650,649,650,477771,58.85690910098848,82.04987753341143,1.396676866531231,193.2792096328278,23.807806279671766,0.1832081391769178,0.03577568717845266,0.18300473037380147,18.300473037380147,0.9385751751362055,0.9868388830632249,0.9946627149827009,1.0,0.10009765625,1.21875,0.064453125,0.052978515625,-1.4765625,-0.419921875,6.40625,-1.5234375,-0.48046875,5.75
M_DD,strict,C_dark,I_dark,lod_true_raw_dark_rgb16,raw_rgb16_dark,lod_true_raw_dark_rgb16,raw_rgb16_dark,15,lod-0651-0652,651,652,491520,-11.641896923169524,317.2856963924151,0.908307340836037,156.0552641867263,128.8085748231133,0.7274957518004195,0.23331069185992248,0.7145383289038126,71.45383289038126,0.2662251790364583,0.6318013509114583,0.8052042643229167,1.0,0.10009765625,0.59765625,0.07373046875,0.12353515625,-1.3828125,-0.3046875,1.7734375,-1.4375,-0.3515625,1.671875
M_DD,strict,C_dark,I_dark,lod_true_raw_dark_rgb16,raw_rgb16_dark,lod_true_raw_dark_rgb16,raw_rgb16_dark,16,lod-0653-0654,653,654,491451,75.011722952795,-23.16481991881234,2.9387600051621643,365.735861684276,25.58173975371045,0.23552036098428666,0.03778800919531821,0.235358537227467,23.5358537227467,0.9324734307184236,0.9649466579577618,0.979619534806115,1.0,0.10009765625,1.0546875,0.07958984375,0.07568359375,-1.296875,0.7265625,2.890625,-1.3203125,0.6484375,2.71875
M_DD,strict,C_dark,I_dark,lod_true_raw_dark_rgb16,raw_rgb16_dark,lod_true_raw_dark_rgb16,raw_rgb16_dark,17,lod-0655-0656,655,656,491519,81.24711178867135,-25.656778849694323,0.19861670704857232,10.28217476377903,32.460376983501824,1.7266617920778395,0.14259100800519373,1.722295916598906,172.22959165989062,0.8610979433145005,0.9258156856601678,0.9492084741383344,1.0,0.10009765625,0.94140625,0.07421875,0.07861328125,-1.2734375,-0.042724609375,3.140625,-1.296875,-0.06884765625,2.9375
M_DD,strict,C_dark,I_dark,lod_true_raw_dark_rgb16,raw_rgb16_dark,lod_true_raw_dark_rgb16,raw_rgb16_dark,18,lod-0657-0658,657,658,491494,72.03501054697895,33.26133962737319,0.0766347717395656,3.5777489625428824,25.44039955635894,0.12453057823600291,0.03143247198299423,0.12447790496852912,12.447790496852912,0.9375699398161523,0.984089327641843,0.9964333237028326,1.0,0.10009765625,1.109375,0.07666015625,0.0693359375,-1.3046875,-0.25,3.5625,-1.3203125,-0.27734375,3.296875
M_DD,strict,C_dark,I_dark,lod_true_raw_dark_rgb16,raw_rgb16_dark,lod_true_raw_dark_rgb16,raw_rgb16_dark,19,lod-0659-0660,659,660,491341,72.08317253235487,-52.16798368983407,0.3956579505062623,7.69334129503793,20.255729925080093,0.23123623578523375,0.047382794449111955,0.2308421133494521,23.08421133494521,0.8905607307348664,0.9625657130180465,0.9785281505105415,1.0,0.10009765625,1.0703125,0.08056640625,0.0751953125,-0.8671875,0.9921875,2.625,-0.90625,0.9296875,2.484375
M_DD,strict,C_dark,I_dark,lod_true_raw_dark_rgb16,raw_rgb16_dark,lod_true_raw_dark_rgb16,raw_rgb16_dark,20,lod-0661-0662,661,662,491520,51.38005176584828,-10.91417628774842,0.3285851841781172,14.103689432960584,57.14264304780221,0.3481295891734232,0.12500116737297082,0.33066385109868823,33.066385109868826,0.41914469401041665,0.825750732421875,0.9668436686197917,1.0,0.10009765625,0.609375,0.07421875,0.12158203125,-0.96875,-0.2021484375,2.21875,-1.0,-0.2333984375,2.109375
M_DD,strict,C_dark,I_dark,lod_true_raw_dark_rgb16,raw_rgb16_dark,lod_true_raw_dark_rgb16,raw_rgb16_dark,21,lod-0663-0664,663,664,491520,80.04841293360428,-2.915292667662612,1.5826781549747158,202.8757828749872,64.50119760840666,0.8323100659163954,0.17948580614034698,0.8206135204471154,82.06135204471154,0.5914204915364584,0.8453023274739583,0.8826212565104167,1.0,0.10009765625,0.63671875,0.06884765625,0.10791015625,-1.328125,-0.08056640625,2.4375,-1.3671875,-0.10205078125,2.28125
M_DD,strict,C_dark,I_dark,lod_true_raw_dark_rgb16,raw_rgb16_dark,lod_true_raw_dark_rgb16,raw_rgb16_dark,22,lod-0665-0666,665,666,491520,42.73033802802583,-35.551271612093814,0.2722074136600464,12.433843827942162,63.99179059316086,4.395183245134178,0.6076994614540543,4.311775187866252,431.1775187866252,0.6827250162760417,0.7952596028645833,0.8266316731770833,1.0,0.10009765625,0.609375,0.0703125,0.115234375,-0.87890625,-0.2216796875,2.5625,-0.9296875,-0.2333984375,2.1875
M_DD,strict,C_dark,I_dark,lod_true_raw_dark_rgb16,raw_rgb16_dark,lod_true_raw_dark_rgb16,raw_rgb16_dark,23,lod-0667-0668,667,668,491520,36.48000045313555,0.6892885060144391,0.08029764804917261,1.4850126882737547,10.768461689245338,0.14457671284067758,0.03261097919399208,0.144385756694547,14.4385756694547,0.91202392578125,0.97958984375,0.99202880859375,1.0,0.10009765625,0.828125,0.08154296875,0.0986328125,-1.28125,0.53515625,1.625,-1.3046875,0.46875,1.6328125
M_DD,strict,C_dark,I_dark,lod_true_raw_dark_rgb16,raw_rgb16_dark,lod_true_raw_dark_rgb16,raw_rgb16_dark,24,lod-0669-0670,669,670,491520,64.64255714676905,92.58898325097694,0.12757145399521094,15.0100937682732,30.235692449055456,0.18928035670507912,0.02781543222590851,0.18909900450938616,18.909900450938615,0.9314860026041667,0.996209716796875,0.9977457682291667,1.0,0.10009765625,1.0859375,0.07666015625,0.07080078125,-1.859375,-0.41015625,3.65625,-1.9609375,-0.50390625,3.59375
M_DD,strict,C_dark,I_dark,lod_true_raw_dark_rgb16,raw_rgb16_dark,lod_true_raw_dark_rgb16,raw_rgb16_dark,25,lod-0671-0672,671,672,491520,41.563805855108356,218.28282932539602,0.041094901429487636,3.197757996560198,27.97590266021356,0.09595961363609504,0.016438893391880097,0.0959123249744127,9.59123249744127,0.9697509765625,0.9887858072916667,0.9943868001302083,1.0,0.10009765625,1.078125,0.076171875,0.07080078125,-1.7421875,-0.5234375,4.09375,-1.828125,-0.6015625,3.5625
M_DD,strict,C_dark,I_dark,lod_true_raw_dark_rgb16,raw_rgb16_dark,lod_true_raw_dark_rgb16,raw_rgb16_dark,26,lod-0673-0674,673,674,488476,72.29022132430421,-4.867500854288615,11.718572447134832,273.5519879226914,30.512165069441593,0.6577293534799687,0.14490395962678315,0.6510707391119832,65.10707391119833,0.6210479122822821,0.7323676086440275,0.8747696918579418,1.0,0.10009765625,0.95703125,0.07568359375,0.0791015625,-1.796875,-0.310546875,2.53125,-1.921875,-0.45703125,2.3125
M_DD,strict,C_dark,I_dark,lod_true_raw_dark_rgb16,raw_rgb16_dark,lod_true_raw_dark_rgb16,raw_rgb16_dark,27,lod-0675-0676,675,676,490780,59.80629646592339,41.10368698997844,0.5609694183720413,38.85356486234714,30.580244867061005,0.2764281742720757,0.06678154100560951,0.27642815122800113,27.642815122800112,0.8180875341293451,0.9187741961775133,0.9444639145849464,1.0,0.10009765625,1.0625,0.080078125,0.0751953125,-1.46875,0.248046875,2.640625,-1.5234375,0.212890625,2.5
M_DD,strict,C_dark,I_dark,lod_true_raw_dark_rgb16,raw_rgb16_dark,lod_true_raw_dark_rgb16,raw_rgb16_dark,28,lod-1275-1276,1275,1276,486505,68.72827309567604,-34.61433166155688,2.0312186592441726,186.16183901559305,12.076789313659386,2.4439331909086652,0.21305575169932403,2.4279777525691,242.79777525691003,0.8696292946629531,0.9113575400047276,0.9311517867236719,1.0,0.10009765625,0.625,0.06640625,0.1064453125,-1.3515625,-0.375,2.40625,-1.40625,-0.44140625,2.21875
M_DD,strict,C_dark,I_dark,lod_true_raw_dark_rgb16,raw_rgb16_dark,lod_true_raw_dark_rgb16,raw_rgb16_dark,29,lod-1277-1278,1277,1278,484606,62.67912883445847,12.422276464807057,24.160035852300844,659.1085034836593,14.265353184162171,0.5664466471828385,0.06659373943366499,0.5617101372625627,56.17101372625627,0.9186741394039694,0.9287937004494373,0.9406878990355051,1.0,0.10009765625,0.546875,0.064453125,0.11767578125,-1.078125,-0.27734375,2.75,-1.09375,-0.322265625,2.484375
M_DD,strict,C_dark,I_dark,lod_true_raw_dark_rgb16,raw_rgb16_dark,lod_true_raw_dark_rgb16,raw_rgb16_dark,30,lod-1279-1280,1279,1280,489191,71.22103928235816,-8.802040360890361,7.341782733980524,377.53442946803193,18.325678706249672,0.39227996527552944,0.05792366499973054,0.3903698603690394,39.03698603690394,0.8563505869895399,0.9294406479268834,0.9597600937057305,1.0,0.10009765625,0.87890625,0.0732421875,0.08349609375,-1.5234375,-0.5859375,2.84375,-1.59375,-0.64453125,2.5
M_DD,strict,C_dark,I_dark,lod_true_raw_dark_rgb16,raw_rgb16_dark,lod_true_raw_dark_rgb16,raw_rgb16_dark,31,lod-1281-1282,1281,1282,484821,68.40639204515954,-15.159005419133042,0.7485614145848232,27.27433747538704,19.051012032811276,0.5232884207234784,0.02775300005083689,0.5232238991996403,52.32238991996403,0.9734293687773425,0.9836063206833038,0.9910276163780034,1.0,0.10009765625,0.67578125,0.078125,0.11572265625,-1.3125,-0.48828125,1.6640625,-1.359375,-0.6015625,1.5625
M_DD,strict,C_dark,I_dark,lod_true_raw_dark_rgb16,raw_rgb16_dark,lod_true_raw_dark_rgb16,raw_rgb16_dark,32,lod-1283-1284,1283,1284,491520,73.51058878085239,8.429508647149383,0.06504238531028678,2.71386609391344,26.164843055471657,0.13150099348668137,0.02882860133566915,0.13149630483912358,13.14963048391236,0.9537801106770833,0.9799072265625,0.987908935546875,1.0,0.10009765625,0.7109375,0.08447265625,0.11865234375,-1.234375,-0.7421875,0.91796875,-1.2578125,-0.76953125,0.86328125
M_DD,strict,C_dark,I_dark,lod_true_raw_dark_rgb16,raw_rgb16_dark,lod_true_raw_dark_rgb16,raw_rgb16_dark,33,lod-1285-1286,1285,1286,487246,62.440078376298736,56.570346296969504,0.5959946586883849,38.520489757415206,15.821545532963638,0.19458035374106653,0.01999932902779035,0.19421235050669533,19.421235050669534,0.9698058065125214,0.9795729467250629,0.9821835376791189,1.0,0.10009765625,0.7265625,0.07568359375,0.10400390625,-1.46875,-0.55078125,1.8203125,-1.53125,-0.6328125,1.7578125
M_DD,strict,C_dark,I_dark,lod_true_raw_dark_rgb16,raw_rgb16_dark,lod_true_raw_dark_rgb16,raw_rgb16_dark,34,lod-1287-1288,1287,1288,486635,69.8042647911678,-23.95876720718688,4.877688136360675,254.06334601712445,12.465959472020241,1.294235560034187,0.10985099532596544,1.294036968620394,129.4036968620394,0.821274671982081,0.8911977149198064,0.9381857038642926,1.0,0.10009765625,0.859375,0.0673828125,0.07861328125,-1.28125,-0.0294189453125,3.84375,-1.3125,-0.04541015625,3.5
M_DD,strict,C_dark,I_dark,lod_true_raw_dark_rgb16,raw_rgb16_dark,lod_true_raw_dark_rgb16,raw_rgb16_dark,35,lod-1289-1290,1289,1290,490267,72.084276622826,-25.20075529148628,3.644822089363931,277.5204504176668,21.264969595921563,0.403719230063082,0.058372022534347194,0.4010133244509473,40.10133244509473,0.8777196915150316,0.8957527224961093,0.9372097244970597,1.0,0.10009765625,0.68359375,0.0693359375,0.1015625,-1.15625,-0.373046875,2.828125,-1.1875,-0.439453125,2.515625
M_DD,strict,C_dark,I_dark,lod_true_raw_dark_rgb16,raw_rgb16_dark,lod_true_raw_dark_rgb16,raw_rgb16_dark,36,lod-1291-1292,1291,1292,481274,59.29173368615685,30.718423321593413,0.9248259231718896,31.259497427531727,11.563795016312566,0.12169957610119983,0.013079110274492642,0.12164456023028535,12.164456023028535,0.988601087945744,0.9941301628594107,0.9979284149985248,1.0,0.10009765625,0.7578125,0.07421875,0.09814453125,-1.46875,-0.474609375,2.3125,-1.53125,-0.59375,2.140625
M_DD,strict,C_dark,I_dark,lod_true_raw_dark_rgb16,raw_rgb16_dark,lod_true_raw_dark_rgb16,raw_rgb16_dark,37,lod-1293-1294,1293,1294,491453,64.5208259349951,8.192930637309093,0.13250021387571223,6.465231912823708,23.739057479915363,0.17592474422040916,0.026368908904300502,0.17564206464166732,17.56420646416673,0.9259990273739299,0.966334522324617,0.9900539827816699,1.0,0.10009765625,0.7890625,0.07470703125,0.0947265625,-1.40625,-0.52734375,2.671875,-1.4609375,-0.62109375,2.453125
M_DD,strict,C_dark,I_dark,lod_true_raw_dark_rgb16,raw_rgb16_dark,lod_true_raw_dark_rgb16,raw_rgb16_dark,38,lod-1295-1296,1295,1296,487262,68.1902271723122,-4.739427611078918,5.737578617093045,858.0541421976585,18.523887504119486,0.4818904594205471,0.06610215298682201,0.4774284871980693,47.74284871980693,0.8777228677795519,0.912098624559272,0.9355705965168636,1.0,0.10009765625,1.0,0.0771484375,0.0771484375,-1.09375,0.51953125,3.03125,-1.1171875,0.44921875,2.796875
M_DD,strict,C_dark,I_dark,lod_true_raw_dark_rgb16,raw_rgb16_dark,lod_true_raw_dark_rgb16,raw_rgb16_dark,39,lod-1297-1298,1297,1298,486500,67.37775952599456,-16.954155083038955,7.974926741198981,117.8714729948934,15.947723581340782,0.5755653502251548,0.09621707923333139,0.5656168055356349,56.561680553563484,0.8345118191161357,0.8700966084275437,0.8972559095580678,1.0,0.10009765625,0.875,0.07373046875,0.08447265625,-1.484375,-0.251953125,2.578125,-1.546875,-0.30859375,2.4375
M_DD,strict,C_dark,I_dark,lod_true_raw_dark_rgb16,raw_rgb16_dark,lod_true_raw_dark_rgb16,raw_rgb16_dark,40,lod-1299-1300,1299,1300,486639,75.6621774142794,-41.752120532310954,2.33541427831237,46.69572006111649,10.808206069703031,0.41233159219299664,0.0517762730484927,0.41061091368013825,41.06109136801383,0.9104962816379287,0.940561689465908,0.950369781295786,1.0,0.10009765625,0.734375,0.06689453125,0.09130859375,-1.1953125,0.1416015625,3.0,-1.21875,0.1259765625,2.75
M_DD,strict,C_dark,I_dark,lod_true_raw_dark_rgb16,raw_rgb16_dark,lod_true_raw_dark_rgb16,raw_rgb16_dark,41,lod-1301-1302,1301,1302,490983,75.01499729613273,-29.454716866953902,2.277502708377662,120.54868788661504,20.475477628126296,1.97360738628682,0.17213156360078719,1.9697246856696757,196.97246856696756,0.8522026220867117,0.8844583213675422,0.9112718770303656,1.0,0.10009765625,0.6640625,0.06982421875,0.10498046875,-1.125,-0.392578125,2.421875,-1.15625,-0.46875,2.140625
M_DD,strict,C_dark,I_dark,lod_true_raw_dark_rgb16,raw_rgb16_dark,lod_true_raw_dark_rgb16,raw_rgb16_dark,42,lod-1903-1904,1903,1904,484034,61.571574748626695,-13.461075770518445,2.162269178382029,125.04712953104882,9.68223656548963,1.3904275951493361,0.1130418768571912,1.3872577058649924,138.72577058649924,0.8485127077849903,0.9081696740311631,0.9331761818384658,1.0,0.10009765625,1.1875,0.07373046875,0.06201171875,-1.6015625,0.1982421875,4.40625,-1.640625,0.193359375,4.0
M_DD,strict,C_dark,I_dark,lod_true_raw_dark_rgb16,raw_rgb16_dark,lod_true_raw_dark_rgb16,raw_rgb16_dark,43,lod-1905-1906,1905,1906,491520,56.46280389722885,21.704266066378473,0.095614264810074,4.443148573319652,28.223428405108358,0.15822941063230705,0.03939432577156442,0.15802735913157653,15.802735913157653,0.932177734375,0.9754109700520833,0.986895751953125,1.0,0.10009765625,0.51171875,0.07080078125,0.138671875,-1.1328125,-0.33984375,2.328125,-1.21875,-0.40625,2.15625
M_DD,strict,C_dark,I_dark,lod_true_raw_dark_rgb16,raw_rgb16_dark,lod_true_raw_dark_rgb16,raw_rgb16_dark,44,lod-1907-1908,1907,1908,462906,68.62089764006082,15.054949564838383,22.582695203076682,1049.9910671788834,31.269637120908126,0.49847934118628073,0.08706230405940663,0.49518103482646947,49.51810348264695,0.8152043827472533,0.9193464763904551,0.9492099907972676,1.0,0.10009765625,1.046875,0.0703125,0.0673828125,-1.359375,0.08837890625,5.34375,-1.4140625,0.07177734375,4.625
M_DD,strict,C_dark,I_dark,lod_true_raw_dark_rgb16,raw_rgb16_dark,lod_true_raw_dark_rgb16,raw_rgb16_dark,45,lod-1909-1910,1909,1910,437156,50.60917645887452,-11.994880100183801,4.09515757969955,96.66613499366485,8.923791118311172,1.0554822869882285,0.08590567568533788,1.0526068841901726,105.26068841901726,0.88495640000366,0.9251251269569674,0.9430134780261509,1.0,0.10009765625,1.3515625,0.07177734375,0.05322265625,-1.265625,0.53125,5.25,-1.28125,0.52734375,4.71875
M_DD,strict,C_dark,I_dark,lod_true_raw_dark_rgb16,raw_rgb16_dark,lod_true_raw_dark_rgb16,raw_rgb16_dark,46,lod-1911-1912,1911,1912,428979,65.57765097105636,-10.525959478424701,0.5821161003435429,6.27093620578558,8.641971418019493,0.456245213514609,0.03827155666471199,0.45620951647930913,45.620951647930916,0.9074849817823251,0.9658118462675329,0.9811016390079701,1.0,0.10009765625,1.4765625,0.07275390625,0.04931640625,-1.3359375,1.109375,5.28125,-1.359375,1.09375,4.75
M_DD,strict,C_dark,I_dark,lod_true_raw_dark_rgb16,raw_rgb16_dark,lod_true_raw_dark_rgb16,raw_rgb16_dark,47,lod-1913-1914,1913,1914,475736,66.9116413039312,-3.0982760617878866,0.937197129495358,13.100350707224433,12.607795225014913,0.37538700765762983,0.05546643248573266,0.3711205203850047,37.11205203850047,0.8523403736526141,0.9121088166546152,0.9561122134965612,1.0,0.10009765625,1.1484375,0.0673828125,0.05859375,-1.59375,0.67578125,5.0625,-1.625,0.66796875,4.4375
M_DD,strict,C_dark,I_dark,lod_true_raw_dark_rgb16,raw_rgb16_dark,lod_true_raw_dark_rgb16,raw_rgb16_dark,48,lod-1915-1916,1915,1916,407744,44.20178811423657,-7.650971556773587,1.2860496910569041,10.575726398979626,6.343734250617241,0.7481574172644018,0.0706813874964456,0.7458389754796684,74.58389754796684,0.8712084052738973,0.8946373214566002,0.9231257848061529,1.0,0.10009765625,1.25,0.0654296875,0.05224609375,-1.5703125,0.07080078125,6.53125,-1.59375,0.064453125,5.90625
M_DD,strict,C_dark,I_dark,lod_true_raw_dark_rgb16,raw_rgb16_dark,lod_true_raw_dark_rgb16,raw_rgb16_dark,49,lod-1917-1918,1917,1918,452771,70.54501904549939,-12.80425380498728,7.633760150182481,650.7740684108796,14.393128562129274,0.5320706623352417,0.05573610152310241,0.5320699391075724,53.20699391075724,0.8892155195452005,0.9377720746249207,0.9577976504678966,1.0,0.10009765625,0.9609375,0.07177734375,0.07470703125,-1.5390625,-0.09716796875,3.6875,-1.59375,-0.1064453125,3.234375
M_DD,strict,C_dark,I_dark,lod_true_raw_dark_rgb16,raw_rgb16_dark,lod_true_raw_dark_rgb16,raw_rgb16_dark,50,lod-1919-1920,1919,1920,489020,71.33035740083162,-4.938916253230048,1.2801653155245447,35.74593602849011,8.03249055304398,0.2454214091733377,0.039726852493236195,0.24274492219828506,24.274492219828506,0.8686802175780132,0.9531512003599035,0.9861212220359086,1.0,0.10009765625,0.8984375,0.06591796875,0.0732421875,-1.3828125,0.455078125,4.15625,-1.4296875,0.439453125,3.96875
M_DD,strict,C_dark,I_dark,lod_true_raw_dark_rgb16,raw_rgb16_dark,lod_true_raw_dark_rgb16,raw_rgb16_dark,51,lod-1921-1922,1921,1922,438178,70.07999863821343,-10.504165535825111,31.09863984013692,404.36335745699034,10.773692164538716,0.7750250766146332,0.05474231428064374,0.774937658875787,77.4937658875787,0.9259570311608525,0.9547877803084591,0.9689897712801647,1.0,0.10009765625,1.1953125,0.07666015625,0.06396484375,-1.5859375,0.443359375,3.484375,-1.6171875,0.44140625,3.265625
M_DD,strict,C_dark,I_dark,lod_true_raw_dark_rgb16,raw_rgb16_dark,lod_true_raw_dark_rgb16,raw_rgb16_dark,52,lod-1923-1924,1923,1924,491520,67.96332129781777,49.53551310654424,0.052207807492958065,1.2515018283366106,12.981079216514491,0.09806649705219803,0.021580080396328968,0.0980091254189663,9.80091254189663,0.9666239420572916,0.9931966145833333,0.9965006510416666,1.0,0.10009765625,1.1953125,0.0693359375,0.05810546875,-1.859375,0.126953125,5.21875,-1.9453125,0.10595703125,4.65625
M_DD,strict,C_dark,I_dark,lod_true_raw_dark_rgb16,raw_rgb16_dark,lod_true_raw_dark_rgb16,raw_rgb16_dark,53,lod-1925-1926,1925,1926,491274,68.57001525512811,57.53585825980052,0.06513956076400636,3.120824048278174,11.396078276813641,0.0888687970618357,0.013677629668614999,0.08884927869770476,8.884927869770475,0.9959798401706583,0.9986015950365784,0.9992041101299886,1.0,0.10009765625,0.66796875,0.07177734375,0.107421875,-1.328125,-0.255859375,2.796875,-1.421875,-0.3203125,2.625
M_DD,strict,C_dark,I_dark,lod_true_raw_dark_rgb16,raw_rgb16_dark,lod_true_raw_dark_rgb16,raw_rgb16_dark,54,lod-1927-1928,1927,1928,491520,72.45599715345004,-85.59598229563925,0.30597581945246516,11.541095778405765,29.038979468971313,0.3769791228473843,0.10566591616423662,0.37293689316205114,37.29368931620512,0.7158528645833333,0.8134969075520834,0.8856526692708333,1.0,0.10009765625,0.65234375,0.076171875,0.11669921875,-1.5546875,-0.298828125,1.6953125,-1.6640625,-0.36328125,1.7109375
M_DD,strict,C_dark,I_dark,lod_true_raw_dark_rgb16,raw_rgb16_dark,lod_true_raw_dark_rgb16,raw_rgb16_dark,55,lod-1929-1930,1929,1930,491520,67.4909252858119,59.29010543856198,0.019642504406639918,0.2738043018033219,7.827014284573695,0.03786267239939974,0.008519097060268634,0.037860175870014244,3.7860175870014245,0.9957661946614583,0.9986104329427083,0.999737548828125,1.0,0.10009765625,1.03125,0.0673828125,0.0654296875,-1.46875,0.734375,4.46875,-1.4921875,0.7109375,4.21875
M_DD,strict,C_dark,I_dark,lod_true_raw_dark_rgb16,raw_rgb16_dark,lod_true_raw_dark_rgb16,raw_rgb16_dark,56,lod-2531-2532,2531,2532,491520,64.05907058927029,111.07171220629715,0.040087042543328885,1.8298324639682495,18.94060569741618,0.08067621193219794,0.016152928375034965,0.08067113587114605,8.067113587114605,0.9682698567708333,0.9935750325520833,0.9997945149739583,1.0,0.10009765625,1.0234375,0.07763671875,0.07568359375,-1.59375,-0.140625,3.09375,-1.6796875,-0.1630859375,2.9375
M_DD,strict,C_dark,I_dark,lod_true_raw_dark_rgb16,raw_rgb16_dark,lod_true_raw_dark_rgb16,raw_rgb16_dark,57,lod-2533-2534,2533,2534,457192,70.04449075642228,-14.348461176180884,23.318736643620262,316.2260705451625,17.5779243519992,0.8141224152483599,0.0827900406563524,0.8141214094381322,81.41214094381321,0.853273898055959,0.9406770022222611,0.9569524401126879,1.0,0.10009765625,0.87890625,0.07373046875,0.083984375,-1.109375,0.373046875,3.375,-1.15625,0.34765625,3.1875
M_DD,strict,C_dark,I_dark,lod_true_raw_dark_rgb16,raw_rgb16_dark,lod_true_raw_dark_rgb16,raw_rgb16_dark,58,lod-2535-2536,2535,2536,486275,53.084475641110494,4.544792561728555,1.8836567269333064,84.69380116868406,24.15689204275025,0.4486316189523353,0.09466154168879154,0.4473553664899008,44.735536648990085,0.7091851318698268,0.8433129402087296,0.9260253971518174,1.0,0.10009765625,0.87109375,0.07421875,0.0849609375,-1.359375,-0.40625,3.203125,-1.4140625,-0.484375,3.0
M_DD,strict,C_dark,I_dark,lod_true_raw_dark_rgb16,raw_rgb16_dark,lod_true_raw_dark_rgb16,raw_rgb16_dark,59,lod-2537-2538,2537,2538,491520,62.21972019668703,18.31247284825108,0.0577135630937209,1.7786314961748217,15.554777544617556,0.12033295216379974,0.022564581194893445,0.12013424308511267,12.013424308511267,0.9607421875,0.9853739420572917,0.9924092610677083,1.0,0.10009765625,1.015625,0.0751953125,0.07421875,-0.92578125,0.95703125,3.5625,-1.0,0.9453125,3.296875
M_DD,strict,C_dark,I_dark,lod_true_raw_dark_rgb16,raw_rgb16_dark,lod_true_raw_dark_rgb16,raw_rgb16_dark,60,lod-2539-2540,2539,2540,482416,63.28055387673237,28.73229576673402,2.913858289656359,153.20130883210453,18.553763132808527,0.29407595046727897,0.0401770242892566,0.2934210328522868,29.34210328522868,0.9202555470796988,0.9674160890186063,0.9825026533116646,1.0,0.10009765625,1.171875,0.07421875,0.0634765625,-1.125,0.90625,4.03125,-1.1796875,0.88671875,3.90625
M_DD,strict,C_dark,I_dark,lod_true_raw_dark_rgb16,raw_rgb16_dark,lod_true_raw_dark_rgb16,raw_rgb16_dark,61,lod-2541-2542,2541,2542,491288,67.98618907978,-20.51958710223545,0.3544553314449459,5.722250168114835,16.414572225140763,0.32845710112529686,0.06908576750729548,0.32741755003186546,32.74175500318655,0.7727707576818486,0.9092182182345182,0.9593700639950498,1.0,0.10009765625,0.83203125,0.06884765625,0.08251953125,-1.3515625,-0.361328125,3.765625,-1.3828125,-0.439453125,3.484375
M_DD,strict,C_dark,I_dark,lod_true_raw_dark_rgb16,raw_rgb16_dark,lod_true_raw_dark_rgb16,raw_rgb16_dark,62,lod-2543-2544,2543,2544,466723,61.9897326722407,-0.6646668110315883,6.798424134716275,189.55203453819863,11.35782699979582,0.2963484073360203,0.04398139260407139,0.29486796583724834,29.486796583724832,0.8868043786142958,0.9613153840714942,0.9764099905082887,1.0,0.10009765625,0.87890625,0.06640625,0.07568359375,-1.34375,-0.1767578125,4.90625,-1.3828125,-0.197265625,4.15625
M_DD,strict,C_dark,I_dark,lod_true_raw_dark_rgb16,raw_rgb16_dark,lod_true_raw_dark_rgb16,raw_rgb16_dark,63,lod-2545-2546,2545,2546,491520,61.0430419709555,23.800681729252258,0.08678225802091484,3.4787249130549305,21.23928082435453,0.15954694687277032,0.034227001298685895,0.15919691450102683,15.919691450102682,0.9044759114583333,0.967535400390625,0.9888142903645833,1.0,0.10009765625,0.65625,0.07373046875,0.1123046875,-1.546875,-0.12158203125,2.0625,-1.625,-0.1630859375,2.0
M_DD,strict,C_dark,I_dark,lod_true_raw_dark_rgb16,raw_rgb16_dark,lod_true_raw_dark_rgb16,raw_rgb16_dark,64,lod-2547-2548,2547,2548,490987,63.75279435652881,3.1265748467078214,1.3684472159904335,102.4494148951405,30.703812172480216,0.4163814995750175,0.08669853873326304,0.4131670987948755,41.316709879487554,0.7774136586101058,0.8902740805764715,0.9314503235319876,1.0,0.10009765625,0.55078125,0.07568359375,0.1376953125,-1.4921875,-0.380859375,1.421875,-1.5625,-0.48046875,1.4140625
M_DD,strict,C_dark,I_dark,lod_true_raw_dark_rgb16,raw_rgb16_dark,lod_true_raw_dark_rgb16,raw_rgb16_dark,65,lod-2549-2550,2549,2550,491520,69.98017771577818,37.25866516205614,0.07393629301300315,6.145038783210306,8.823291296721536,0.14462759221927646,0.013168880729356514,0.1445198141208931,14.45198141208931,0.988861083984375,0.994439697265625,0.9963053385416667,1.0,0.10009765625,1.078125,0.07470703125,0.0693359375,-1.6640625,0.72265625,3.515625,-1.765625,0.6640625,3.375
M_DD,strict,C_dark,I_dark,lod_true_raw_dark_rgb16,raw_rgb16_dark,lod_true_raw_dark_rgb16,raw_rgb16_dark,66,lod-2551-2552,2551,2552,491520,75.13300168130976,-3.341512606576647,0.23094796919715052,5.961712413529991,17.822978400127695,0.3494362127765347,0.05859149930301828,0.34661378256303754,34.661378256303756,0.861920166015625,0.918707275390625,0.9459309895833333,1.0,0.10009765625,0.47265625,0.0732421875,0.1552734375,-1.2421875,-0.318359375,1.7890625,-1.296875,-0.376953125,1.7109375
M_DD,strict,C_dark,I_dark,lod_true_raw_dark_rgb16,raw_rgb16_dark,lod_true_raw_dark_rgb16,raw_rgb16_dark,67,lod-2553-2554,2553,2554,491520,66.53666790898856,18.202063733712443,0.11090942065404233,5.933686234639115,30.468023898411076,0.17576858595762673,0.04428024399806712,0.1756265449350555,17.56265449350555,0.8908243815104167,0.9699727376302083,0.987371826171875,1.0,0.10009765625,1.21875,0.0732421875,0.06005859375,-1.2265625,0.9921875,4.53125,-1.2734375,0.97265625,4.09375
M_DD,strict,C_dark,I_dark,lod_true_raw_dark_rgb16,raw_rgb16_dark,lod_true_raw_dark_rgb16,raw_rgb16_dark,68,lod-2555-2556,2555,2556,491520,63.577816153451344,39.625290092463025,0.0720517608264361,3.861801104913722,27.68860281247985,0.12228713372158677,0.028900651059431248,0.1222027654795792,12.22027654795792,0.96160888671875,0.9902201334635417,0.993988037109375,1.0,0.10009765625,0.7109375,0.0751953125,0.10595703125,-1.5234375,-0.345703125,2.1875,-1.6171875,-0.478515625,2.109375
M_DD,strict,C_dark,I_dark,lod_true_raw_dark_rgb16,raw_rgb16_dark,lod_true_raw_dark_rgb16,raw_rgb16_dark,69,lod-2557-2558,2557,2558,491520,50.51039100359692,74.71388387549155,0.027366547469695947,0.528162074242381,10.95980967550982,0.04962051033225305,0.011801550029272544,0.049604100403438836,4.960410040343883,0.9898640950520833,0.9996256510416667,1.0,1.0,0.10009765625,0.62890625,0.0771484375,0.12255859375,-1.375,-0.2119140625,1.90625,-1.4609375,-0.271484375,1.8515625
M_DD,strict,C_dark,I_dark,lod_true_raw_dark_rgb16,raw_rgb16_dark,lod_true_raw_dark_rgb16,raw_rgb16_dark,70,lod-3159-3160,3159,3160,491520,69.28264256625806,-11.372650359762373,0.14220057658843296,6.942186824976933,24.830161890765417,1.31510895440498,0.10282242441376076,1.3109310075799705,131.09310075799704,0.8751607259114583,0.9403116861979167,0.9633382161458334,1.0,0.10009765625,0.80859375,0.07568359375,0.09375,-1.7265625,-0.287109375,2.5625,-1.8203125,-0.40234375,2.46875
M_DD,strict,C_dark,I_dark,lod_true_raw_dark_rgb16,raw_rgb16_dark,lod_true_raw_dark_rgb16,raw_rgb16_dark,71,lod-3161-3162,3161,3162,491520,67.50172653980816,10.60647305573818,0.04866326320746553,0.9599295616792062,13.223240594668987,0.08370580395370421,0.02044767135338559,0.08362293887391907,8.362293887391907,0.968475341796875,0.996990966796875,0.9992533365885417,1.0,0.10009765625,0.75390625,0.0751953125,0.099609375,-1.6015625,-0.451171875,2.140625,-1.703125,-0.55859375,2.0625
M_DD,strict,C_dark,I_dark,lod_true_raw_dark_rgb16,raw_rgb16_dark,lod_true_raw_dark_rgb16,raw_rgb16_dark,72,lod-3163-3164,3163,3164,491520,71.44082832656281,-15.492484780882227,0.09843165238627205,2.2473019886319965,13.834870710574389,0.1897287758600786,0.03885031165932904,0.18955990304703366,18.955990304703366,0.8728861490885417,0.955023193359375,0.980181884765625,1.0,0.10009765625,0.9609375,0.076171875,0.0791015625,-1.234375,0.63671875,3.40625,-1.28125,0.5625,3.21875
M_DD,strict,C_dark,I_dark,lod_true_raw_dark_rgb16,raw_rgb16_dark,lod_true_raw_dark_rgb16,raw_rgb16_dark,73,lod-3165-3166,3165,3166,491520,66.30406186922654,32.49408035964974,0.07746811979038606,1.7487589271321862,11.680925430747605,0.14482010402380488,0.031016086427175123,0.14477692804816936,14.477692804816936,0.9005391438802083,0.972637939453125,0.9937337239583334,1.0,0.10009765625,1.140625,0.0751953125,0.06591796875,-1.0546875,1.0546875,4.03125,-1.078125,1.0234375,3.734375
M_DD,strict,C_dark,I_dark,lod_true_raw_dark_rgb16,raw_rgb16_dark,lod_true_raw_dark_rgb16,raw_rgb16_dark,74,lod-3167-3168,3167,3168,489473,63.26272929588994,7.841127607450864,2.662297377474991,69.76550473513811,11.523387516360703,0.21440223020964144,0.03541786025599963,0.21367555590868767,21.36755559086877,0.9158278393292377,0.9858500877474344,0.9917217088583027,1.0,0.10009765625,1.015625,0.0712890625,0.0703125,-1.5,0.1865234375,4.03125,-1.5390625,0.1669921875,3.84375
M_DD,strict,C_dark,I_dark,lod_true_raw_dark_rgb16,raw_rgb16_dark,lod_true_raw_dark_rgb16,raw_rgb16_dark,75,lod-3169-3170,3169,3170,491058,73.25276598288168,2.7208291303155088,0.0990357624521127,4.778524909150659,12.350354924807288,0.16399318571114224,0.025542939920176606,0.16373738917745126,16.373738917745126,0.9551010267626228,0.9719992343063345,0.9846433618839322,1.0,0.10009765625,1.109375,0.08056640625,0.07275390625,-1.234375,1.0703125,3.25,-1.2734375,0.95703125,3.09375
M_DD,strict,C_dark,I_dark,lod_true_raw_dark_rgb16,raw_rgb16_dark,lod_true_raw_dark_rgb16,raw_rgb16_dark,76,lod-3171-3172,3171,3172,491520,69.88078905642192,1.91697551159188,0.05216503300311231,0.9728603706839986,11.051682501583253,0.09583884719316431,0.022333299460718655,0.09581842720669861,9.581842720669862,0.93408203125,0.9984273274739583,0.9999654134114583,1.0,0.10009765625,0.66796875,0.078125,0.1171875,-1.1171875,0.34375,2.0,-1.171875,0.263671875,1.8984375
M_DD,strict,C_dark,I_dark,lod_true_raw_dark_rgb16,raw_rgb16_dark,lod_true_raw_dark_rgb16,raw_rgb16_dark,77,lod-3173-3174,3173,3174,491520,78.53046525853534,-48.060240061405516,0.182529024442737,4.64375028071753,17.471184165067225,1.6704366921134761,0.14733427232270166,1.6657708727738219,166.5770872773822,0.7319315592447917,0.8538960774739583,0.9323099772135417,1.0,0.10009765625,0.69921875,0.0732421875,0.10498046875,-1.234375,-0.10986328125,2.75,-1.296875,-0.1396484375,2.609375
M_DD,strict,C_dark,I_dark,lod_true_raw_dark_rgb16,raw_rgb16_dark,lod_true_raw_dark_rgb16,raw_rgb16_dark,78,lod-3175-3176,3175,3176,491520,34.43390796129714,-1.0136452365002224,0.13138184791563187,2.1294329565632784,13.85223284176395,0.18586784261453698,0.04909879349078447,0.18257526470461505,18.257526470461507,0.8768778483072917,0.9543131510416667,0.9905802408854166,1.0,0.10009765625,0.7421875,0.0732421875,0.0986328125,-1.6875,0.1884765625,2.796875,-1.734375,0.11572265625,2.65625
M_DD,strict,C_dark,I_dark,lod_true_raw_dark_rgb16,raw_rgb16_dark,lod_true_raw_dark_rgb16,raw_rgb16_dark,79,lod-3177-3178,3177,3178,478245,69.80351860712982,-16.35869997351014,0.05885337089413235,0.5945954834063953,7.396082094465355,1.4055198869987955,0.07956874419777318,1.401272485855767,140.1272485855767,0.9585066231743145,0.9703561981829397,0.9741764158537988,1.0,0.10009765625,0.98046875,0.0712890625,0.07275390625,-1.578125,0.54296875,4.3125,-1.65625,0.45703125,3.890625
M_DD,strict,C_dark,I_dark,lod_true_raw_dark_rgb16,raw_rgb16_dark,lod_true_raw_dark_rgb16,raw_rgb16_dark,80,lod-3179-3180,3179,3180,491520,74.01163221276506,-35.732735295433315,0.017332648896707922,0.1359547132411771,4.677155798520457,0.03346372486308556,0.007501559789343998,0.03344274886036671,3.344274886036671,0.9965230305989583,0.9995890299479167,1.0,1.0,0.10009765625,0.6015625,0.0712890625,0.11865234375,-1.265625,0.279296875,2.421875,-1.34375,0.2470703125,2.296875
M_DD,strict,C_dark,I_dark,lod_true_raw_dark_rgb16,raw_rgb16_dark,lod_true_raw_dark_rgb16,raw_rgb16_dark,81,lod-3181-3182,3181,3182,491520,67.90840045442091,47.36656676033481,0.024713497988792445,0.39512302765258395,9.42224581895957,0.04231268490528322,0.010596883804368512,0.04231215757195782,4.231215757195781,0.993853759765625,0.9986246744791667,1.0,1.0,0.10009765625,0.49609375,0.07421875,0.1494140625,-1.265625,-0.234375,1.515625,-1.3125,-0.2890625,1.5546875
M_DD,strict,C_dark,I_dark,lod_true_raw_dark_rgb16,raw_rgb16_dark,lod_true_raw_dark_rgb16,raw_rgb16_dark,82,lod-3183-3184,3183,3184,491520,70.12692173956607,27.92544884832071,0.040303558768277424,1.050952491869259,14.214424901267305,0.10747913636929696,0.013142890991017715,0.10739201920824915,10.739201920824915,0.9830322265625,0.992572021484375,0.9954081217447917,1.0,0.10009765625,1.046875,0.06884765625,0.06591796875,-1.8359375,0.28515625,4.25,-1.96875,0.2314453125,4.09375
M_DD,strict,C_dark,I_dark,lod_true_raw_dark_rgb16,raw_rgb16_dark,lod_true_raw_dark_rgb16,raw_rgb16_dark,83,lod-3185-3186,3185,3186,491520,61.28209150222057,-33.23221983230707,0.13746906963819353,5.000815066625061,22.587356047984695,0.2010528807408708,0.055046253893057354,0.200438880724699,20.0438880724699,0.8411641438802083,0.9444010416666667,0.9853312174479166,1.0,0.10009765625,0.64453125,0.07568359375,0.1171875,-1.2578125,-0.2060546875,2.0625,-1.3046875,-0.244140625,2.03125
M_DD,strict,C_dark,I_dark,lod_true_raw_dark_rgb16,raw_rgb16_dark,lod_true_raw_dark_rgb16,raw_rgb16_dark,84,lod-3785-3786,3785,3786,491520,60.140864067438486,1.6727566228161974,0.09603276976421594,2.9638890001179226,23.523248690228698,0.1939547171372414,0.0428875218292525,0.1938704339650261,19.38704339650261,0.9182373046875,0.9628499348958334,0.9768656412760417,1.0,0.10009765625,0.625,0.078125,0.125,-1.1640625,-0.447265625,1.5,-1.171875,-0.53125,1.421875
M_DD,strict,C_dark,I_dark,lod_true_raw_dark_rgb16,raw_rgb16_dark,lod_true_raw_dark_rgb16,raw_rgb16_dark,85,lod-3787-3788,3787,3788,491505,70.94776564069839,-2.929000577740952,0.09917039227748832,2.60189336084321,14.579456502802513,0.177109694382566,0.03987803581118351,0.17709384471229117,17.709384471229118,0.8935331278420362,0.969101026439202,0.9891170995208594,1.0,0.10009765625,0.37890625,0.07373046875,0.1943359375,-0.91015625,-0.275390625,1.125,-0.953125,-0.33203125,1.046875
M_DD,strict,C_dark,I_dark,lod_true_raw_dark_rgb16,raw_rgb16_dark,lod_true_raw_dark_rgb16,raw_rgb16_dark,86,lod-3789-3790,3789,3790,491502,68.92811222725376,7.242697336361517,0.32135865470798614,19.15959289732639,31.059743285815387,0.3067063497789993,0.075952924835088,0.3047879245273139,30.47879245273139,0.7763508592030144,0.8727350041301968,0.937737791504409,1.0,0.10009765625,0.55859375,0.0791015625,0.1416015625,-1.109375,-0.515625,1.09375,-1.09375,-0.6015625,1.03125
M_DD,strict,C_dark,I_dark,lod_true_raw_dark_rgb16,raw_rgb16_dark,lod_true_raw_dark_rgb16,raw_rgb16_dark,87,lod-3791-3792,3791,3792,491520,73.82681389966284,-20.1856126660353,0.1889641719938143,10.49830915263303,30.942907933541846,1.120237066890957,0.09675595659875903,1.1196420724049245,111.96420724049246,0.809136962890625,0.9223164876302083,0.9591328938802083,1.0,0.10009765625,0.498046875,0.07763671875,0.15625,-1.046875,-0.4453125,1.1484375,-1.0390625,-0.5390625,1.078125
M_DD,strict,C_dark,I_dark,lod_true_raw_dark_rgb16,raw_rgb16_dark,lod_true_raw_dark_rgb16,raw_rgb16_dark,88,lod-3793-3794,3793,3794,491520,60.46506645942932,142.82943923740152,0.16641575438468617,16.725239473838396,58.12574030386265,0.25938642748755025,0.05964906116438487,0.25856840283587357,25.856840283587356,0.8410115559895833,0.9163533528645833,0.95968017578125,1.0,0.10009765625,0.578125,0.076171875,0.1318359375,-1.109375,-0.52734375,1.1484375,-1.09375,-0.6171875,1.09375
M_DD,strict,C_dark,I_dark,lod_true_raw_dark_rgb16,raw_rgb16_dark,lod_true_raw_dark_rgb16,raw_rgb16_dark,89,lod-3795-3796,3795,3796,491520,52.00208846207958,-17.454362914957382,0.2711623979013257,12.762091453646436,46.843771649812375,0.3292829646049405,0.10490082388498999,0.327085633512489,32.7085633512489,0.577294921875,0.8710042317708333,0.9563822428385417,1.0,0.10009765625,0.546875,0.08154296875,0.1494140625,-1.09375,-0.5234375,0.49609375,-1.078125,-0.62109375,0.49609375
M_DD,strict,C_dark,I_dark,lod_true_raw_dark_rgb16,raw_rgb16_dark,lod_true_raw_dark_rgb16,raw_rgb16_dark,90,lod-3797-3798,3797,3798,491520,53.177444782245445,59.985889329864946,0.07231148794999906,2.9921309848538056,24.826908868812495,0.11235363514167165,0.030355071218104393,0.11231595226643444,11.231595226643444,0.93980712890625,0.9918212890625,0.998272705078125,1.0,0.10009765625,0.54296875,0.07568359375,0.1396484375,-1.03125,-0.41796875,1.703125,-1.0234375,-0.5,1.625
M_DD,strict,C_dark,I_dark,lod_true_raw_dark_rgb16,raw_rgb16_dark,lod_true_raw_dark_rgb16,raw_rgb16_dark,91,lod-3799-3800,3799,3800,491477,86.86422675518978,2.399106377534032,0.33654649573799866,12.28201552718549,33.63751440970784,0.38655631165716525,0.09297512342335067,0.3790749210142891,37.90749210142891,0.7603143178622804,0.8502127261296053,0.9004164996530866,1.0,0.10009765625,0.5234375,0.078125,0.1494140625,-1.078125,-0.482421875,0.9921875,-1.0625,-0.578125,0.953125
M_DD,strict,C_dark,I_dark,lod_true_raw_dark_rgb16,raw_rgb16_dark,lod_true_raw_dark_rgb16,raw_rgb16_dark,92,lod-3801-3802,3801,3802,491520,57.2133407479388,-7.18096359180979,0.11081717553744937,4.9964151753375825,27.778605969083785,0.18133598842952364,0.045080739803363495,0.1812744619374105,18.12744619374105,0.8871785481770833,0.96910400390625,0.9834391276041666,1.0,0.10009765625,0.52734375,0.0771484375,0.146484375,-1.0859375,-0.478515625,0.87890625,-1.078125,-0.578125,0.86328125
M_DD,strict,C_dark,I_dark,lod_true_raw_dark_rgb16,raw_rgb16_dark,lod_true_raw_dark_rgb16,raw_rgb16_dark,93,lod-3803-3804,3803,3804,491520,78.54013150347026,-8.247174787021319,0.48413551625188095,46.49343224783018,29.883717198243176,0.4974897837767127,0.08113638061097,0.4950794900407705,49.50794900407705,0.8461385091145833,0.9334676106770833,0.937213134765625,1.0,0.10009765625,0.453125,0.06787109375,0.1494140625,-0.94140625,-0.203125,2.015625,-0.95703125,-0.2431640625,1.8671875
M_DD,strict,C_dark,I_dark,lod_true_raw_dark_rgb16,raw_rgb16_dark,lod_true_raw_dark_rgb16,raw_rgb16_dark,94,lod-3805-3806,3805,3806,488576,62.478776309898606,-15.247897222369339,0.7442917030643535,24.356255825687036,29.313445225483612,2.740608776509861,0.29301556621661373,2.723123459112333,272.31234591123325,0.7017209195703432,0.8635770074665968,0.9172329381713388,1.0,0.10009765625,0.5546875,0.08056640625,0.1455078125,-1.1015625,-0.5234375,0.7734375,-1.0859375,-0.6171875,0.765625
M_DD,strict,C_dark,I_dark,lod_true_raw_dark_rgb16,raw_rgb16_dark,lod_true_raw_dark_rgb16,raw_rgb16_dark,95,lod-3807-3808,3807,3808,491520,59.54645939965289,-6.194003008256567,0.5915769206806858,18.808959468388707,43.10898700783805,0.5577796433667862,0.17796679913267735,0.5441043295327448,54.41043295327448,0.32087605794270835,0.7451314290364583,0.829083251953125,1.0,0.10009765625,0.54296875,0.08056640625,0.1484375,-1.0859375,-0.50390625,0.90625,-1.0703125,-0.60546875,0.90625
M_DD,strict,C_dark,I_dark,lod_true_raw_dark_rgb16,raw_rgb16_dark,lod_true_raw_dark_rgb16,raw_rgb16_dark,96,lod-3809-3810,3809,3810,485124,57.38333733154626,30.02520111430464,87.68575718077314,8645.958519445177,41.38511084820478,0.6734581847116762,0.15355564134682415,0.6654973522711564,66.54973522711563,0.6101388510978636,0.7995440341026212,0.879222631739514,1.0,0.10009765625,0.4921875,0.07470703125,0.1513671875,-1.0078125,-0.3984375,1.65625,-1.015625,-0.482421875,1.53125
M_DD,strict,C_dark,I_dark,lod_true_raw_dark_rgb16,raw_rgb16_dark,lod_true_raw_dark_rgb16,raw_rgb16_dark,97,lod-3811-3812,3811,3812,491520,59.45366614054577,29.44196891747142,0.1829798171147819,7.723492746411073,31.88015391396253,0.26083887497136166,0.07044936749996533,0.25972778553107506,25.972778553107506,0.7887776692708334,0.872705078125,0.9652567545572917,1.0,0.10009765625,0.53515625,0.080078125,0.1494140625,-1.0703125,-0.50390625,0.70703125,-1.0625,-0.59375,0.6875
M_DD,strict,C_dark,I_dark,lod_true_raw_dark_rgb16,raw_rgb16_dark,lod_true_raw_dark_rgb16,raw_rgb16_dark,98,lod-4413-4414,4413,4414,491520,67.0461801411412,-23.66475521073824,0.11569364001459483,3.50532685922225,19.211281532239063,0.1759794860481427,0.04734702736113696,0.1755184135896536,17.55184135896536,0.9058186848958333,0.9701395670572917,0.986639404296875,1.0,0.10009765625,0.87109375,0.08154296875,0.09375,-1.1796875,0.490234375,1.90625,-1.2265625,0.439453125,1.953125
M_DD,strict,C_dark,I_dark,lod_true_raw_dark_rgb16,raw_rgb16_dark,lod_true_raw_dark_rgb16,raw_rgb16_dark,99,lod-4415-4416,4415,4416,491520,40.42417449737388,-12.042658316415565,0.17101364031931862,4.810245607915065,27.108771573096146,0.2403198726292934,0.07117763596410875,0.2403096801932371,24.03096801932371,0.7207682291666667,0.9346293131510417,0.9803548177083333,1.0,0.10009765625,0.71484375,0.078125,0.109375,-1.3203125,0.10986328125,1.90625,-1.390625,0.056640625,1.890625
M_DD,strict,C_dark,I_dark,lod_true_raw_dark_rgb16,raw_rgb16_dark,lod_true_raw_dark_rgb16,raw_rgb16_dark,100,lod-4417-4418,4417,4418,491520,40.193440796619385,9.61677784639588,0.3579777060383973,9.503432155075158,27.92344641614494,0.3898710455063419,0.11885171851025185,0.376263609358615,37.626360935861506,0.593505859375,0.7925252278645833,0.8967061360677083,1.0,0.10009765625,1.1171875,0.0791015625,0.07080078125,-1.484375,-0.01904296875,3.09375,-1.5625,-0.0439453125,2.921875
M_DD,strict,C_dark,I_dark,lod_true_raw_dark_rgb16,raw_rgb16_dark,lod_true_raw_dark_rgb16,raw_rgb16_dark,101,lod-4419-4420,4419,4420,491520,72.45612850195417,17.978906225998674,0.06320955045897818,2.4679228486979112,21.402917737914454,0.10714474502108527,0.02632368633734889,0.10714164251447106,10.714164251447105,0.9429423014322916,0.9903035481770833,0.9995279947916667,1.0,0.10009765625,0.8828125,0.07568359375,0.0859375,-1.265625,-0.361328125,3.0,-1.3046875,-0.443359375,2.671875
M_DD,strict,C_dark,I_dark,lod_true_raw_dark_rgb16,raw_rgb16_dark,lod_true_raw_dark_rgb16,raw_rgb16_dark,102,lod-4421-4422,4421,4422,491520,71.64197080488958,-25.439234509004624,0.07897597438062513,2.4697207625981625,17.671635057705892,0.13306968477298753,0.03238780014530841,0.13302560269205274,13.302560269205275,0.9395833333333333,0.9847371419270833,0.9934305826822917,1.0,0.10009765625,0.458984375,0.0791015625,0.171875,-1.046875,-0.0341796875,1.1640625,-1.109375,-0.099609375,1.1953125
M_DD,strict,C_dark,I_dark,lod_true_raw_dark_rgb16,raw_rgb16_dark,lod_true_raw_dark_rgb16,raw_rgb16_dark,103,lod-4423-4424,4423,4424,491520,73.63674049463602,-39.99357941320277,0.09983305165263243,2.752047508153956,20.117312536399663,0.17387742269105774,0.044465492735275,0.1736461570173576,17.36461570173576,0.8783447265625,0.9721944173177083,0.9881591796875,1.0,0.10009765625,0.79296875,0.07275390625,0.091796875,-1.1796875,0.2158203125,3.5,-1.2265625,0.1845703125,3.34375
M_DD,strict,C_dark,I_dark,lod_true_raw_dark_rgb16,raw_rgb16_dark,lod_true_raw_dark_rgb16,raw_rgb16_dark,104,lod-4425-4426,4425,4426,491520,64.72852525232845,37.29327379670266,0.05476394634815152,1.24136146925449,15.464541806991472,0.0800426371006142,0.023060108568234903,0.07992790565089203,7.992790565089203,0.9758138020833333,0.9960611979166667,0.999853515625,1.0,0.10009765625,0.92578125,0.0771484375,0.08349609375,-1.3359375,0.029541015625,3.359375,-1.3984375,0.0115966796875,3.375
M_DD,strict,C_dark,I_dark,lod_true_raw_dark_rgb16,raw_rgb16_dark,lod_true_raw_dark_rgb16,raw_rgb16_dark,105,lod-4427-4428,4427,4428,491486,57.86813449798019,-8.71500743565384,0.2734011871724067,7.6137927643764,23.041304558493316,0.24070585383395554,0.05119128790662048,0.2406919235119891,24.069192351198907,0.8642402835482598,0.9426270534664263,0.9712423141249191,1.0,0.10009765625,0.76171875,0.08154296875,0.10693359375,-1.1015625,0.6484375,1.7890625,-1.15625,0.5625,1.8046875
M_DD,strict,C_dark,I_dark,lod_true_raw_dark_rgb16,raw_rgb16_dark,lod_true_raw_dark_rgb16,raw_rgb16_dark,106,lod-4429-4430,4429,4430,480093,56.34698255719691,121.09034408596621,0.14380904968160846,17.468082433816146,19.673444790799998,0.11479029148802072,0.021293495149495176,0.11471404236745472,11.471404236745473,0.9797497568179498,0.9966214879200488,0.9982982463814303,1.0,0.10009765625,0.921875,0.07958984375,0.08642578125,-1.3671875,-0.08642578125,2.171875,-1.4453125,-0.1015625,2.1875
M_DD,strict,C_dark,I_dark,lod_true_raw_dark_rgb16,raw_rgb16_dark,lod_true_raw_dark_rgb16,raw_rgb16_dark,107,lod-4431-4432,4431,4432,482913,52.37708834559407,88.53592388591115,0.4699842786543571,54.39300004991287,21.567601154327246,0.15704038993125907,0.023386224055103672,0.15692846268279248,15.692846268279247,0.9686900124867213,0.98966687581407,0.9966432877143502,1.0,0.10009765625,1.015625,0.07373046875,0.07275390625,-1.46875,-0.375,3.984375,-1.5234375,-0.466796875,3.421875
M_DD,strict,C_dark,I_dark,lod_true_raw_dark_rgb16,raw_rgb16_dark,lod_true_raw_dark_rgb16,raw_rgb16_dark,108,lod-4433-4434,4433,4434,491520,71.34357248332942,-36.138682269436146,0.19493792971275445,8.599327032991164,39.528761987603936,0.2525596017275603,0.08187479242652553,0.2525382288229823,25.253822882298234,0.785107421875,0.9445454915364583,0.9794026692708333,1.0,0.10009765625,0.76953125,0.08056640625,0.1044921875,-1.296875,-0.08935546875,1.5703125,-1.359375,-0.1328125,1.609375
M_DD,strict,C_dark,I_dark,lod_true_raw_dark_rgb16,raw_rgb16_dark,lod_true_raw_dark_rgb16,raw_rgb16_dark,109,lod-4435-4436,4435,4436,491520,44.57604193870583,41.41920960974477,0.4228915807124238,42.024232110579774,58.128177248834604,0.44336279313444554,0.11947106053034764,0.4394380161017865,43.94380161017865,0.6782206217447917,0.849310302734375,0.8913106282552083,1.0,0.10009765625,0.609375,0.07080078125,0.1162109375,-1.375,-0.296875,2.703125,-1.453125,-0.36328125,2.53125
M_DD,strict,C_dark,I_dark,lod_true_raw_dark_rgb16,raw_rgb16_dark,lod_true_raw_dark_rgb16,raw_rgb16_dark,110,lod-4437-4438,4437,4438,491520,72.6047755254906,-2.14039258894204,0.07289475331609842,2.1672249253982008,22.491459062634828,0.11712284764515099,0.032447241797814455,0.11701865152972371,11.70186515297237,0.95281982421875,0.989727783203125,0.9960408528645833,1.0,0.10009765625,0.890625,0.0751953125,0.08447265625,-1.5234375,0.70703125,2.640625,-1.6328125,0.65234375,2.5
M_DD,strict,C_dark,I_dark,lod_true_raw_dark_rgb16,raw_rgb16_dark,lod_true_raw_dark_rgb16,raw_rgb16_dark,111,lod-4439-4440,4439,4440,491520,65.1612937678651,38.151988151059705,0.13315452213103995,5.636011715382684,25.304419794826977,0.20381762119519092,0.0497679758739161,0.20319368378665292,20.319368378665292,0.8801961263020833,0.9552897135416667,0.9773701985677083,1.0,0.10009765625,0.671875,0.078125,0.1162109375,-1.375,-0.423828125,2.125,-1.4609375,-0.53125,2.0
