sample_id,split,branch,absrel,d1,eval_points,affine_scale,affine_shift,pred_npy,rgb_png
2018-02-04_21-46-15_00100,test,dataset_rgb,0.0847699498,0.940889701,1641,0.000316238187,0.0090077163,/home/caq/6666_raw/dav2_raw_0603/finetune_stf/analysis/0611_stf_raw_render_sweep_dark10/dav2l_pred/dataset_rgb/2018-02-04_21-46-15_00100.npy,
2018-02-04_21-46-15_00100,test,raw_rod_like_g045,0.0696163197,0.937233394,1641,0.000313185007,0.0102978942,/home/caq/6666_raw/dav2_raw_0603/finetune_stf/analysis/0611_stf_raw_render_sweep_dark10/dav2l_pred/raw_rod_like_g045/2018-02-04_21-46-15_00100.npy,/home/caq/6666_raw/dav2_raw_0603/finetune_stf/analysis/0611_stf_raw_render_sweep_dark10/rendered_rgb/raw_rod_like_g045/2018-02-04_21-46-15_00100.png
2018-02-04_21-46-15_00100,test,raw_black01_g065,0.0782031532,0.926873857,1641,0.000326581407,0.011357383,/home/caq/6666_raw/dav2_raw_0603/finetune_stf/analysis/0611_stf_raw_render_sweep_dark10/dav2l_pred/raw_black01_g065/2018-02-04_21-46-15_00100.npy,/home/caq/6666_raw/dav2_raw_0603/finetune_stf/analysis/0611_stf_raw_render_sweep_dark10/rendered_rgb/raw_black01_g065/2018-02-04_21-46-15_00100.png
2018-02-04_21-46-15_00100,test,raw_black05_g075,0.0963750698,0.904936015,1641,0.00031957428,0.0135503976,/home/caq/6666_raw/dav2_raw_0603/finetune_stf/analysis/0611_stf_raw_render_sweep_dark10/dav2l_pred/raw_black05_g075/2018-02-04_21-46-15_00100.npy,/home/caq/6666_raw/dav2_raw_0603/finetune_stf/analysis/0611_stf_raw_render_sweep_dark10/rendered_rgb/raw_black05_g075/2018-02-04_21-46-15_00100.png
2018-02-04_21-46-15_00100,test,raw_black10_g085,0.117986512,0.877513711,1641,0.000316670177,0.0160799089,/home/caq/6666_raw/dav2_raw_0603/finetune_stf/analysis/0611_stf_raw_render_sweep_dark10/dav2l_pred/raw_black10_g085/2018-02-04_21-46-15_00100.npy,/home/caq/6666_raw/dav2_raw_0603/finetune_stf/analysis/0611_stf_raw_render_sweep_dark10/rendered_rgb/raw_black10_g085/2018-02-04_21-46-15_00100.png
2018-02-04_21-46-15_00100,test,raw_black05_g075_unsharp,0.0753395036,0.932967703,1641,0.000286936752,0.0104809562,/home/caq/6666_raw/dav2_raw_0603/finetune_stf/analysis/0611_stf_raw_render_sweep_dark10/dav2l_pred/raw_black05_g075_unsharp/2018-02-04_21-46-15_00100.npy,/home/caq/6666_raw/dav2_raw_0603/finetune_stf/analysis/0611_stf_raw_render_sweep_dark10/rendered_rgb/raw_black05_g075_unsharp/2018-02-04_21-46-15_00100.png
2018-02-04_21-46-15_00100,test,raw_decomp_black05_g075,0.0966550413,0.903107861,1641,0.000319425928,0.0134640319,/home/caq/6666_raw/dav2_raw_0603/finetune_stf/analysis/0611_stf_raw_render_sweep_dark10/dav2l_pred/raw_decomp_black05_g075/2018-02-04_21-46-15_00100.npy,/home/caq/6666_raw/dav2_raw_0603/finetune_stf/analysis/0611_stf_raw_render_sweep_dark10/rendered_rgb/raw_decomp_black05_g075/2018-02-04_21-46-15_00100.png
2018-02-04_21-37-51_00200,test,dataset_rgb,0.213546425,0.708131068,1648,0.000401482242,0.00432603347,/home/caq/6666_raw/dav2_raw_0603/finetune_stf/analysis/0611_stf_raw_render_sweep_dark10/dav2l_pred/dataset_rgb/2018-02-04_21-37-51_00200.npy,
2018-02-04_21-37-51_00200,test,raw_rod_like_g045,0.185070427,0.692961165,1648,0.000400122902,0.00661430566,/home/caq/6666_raw/dav2_raw_0603/finetune_stf/analysis/0611_stf_raw_render_sweep_dark10/dav2l_pred/raw_rod_like_g045/2018-02-04_21-37-51_00200.npy,/home/caq/6666_raw/dav2_raw_0603/finetune_stf/analysis/0611_stf_raw_render_sweep_dark10/rendered_rgb/raw_rod_like_g045/2018-02-04_21-37-51_00200.png
2018-02-04_21-37-51_00200,test,raw_black01_g065,0.194701872,0.656553398,1648,0.000434753641,0.00831438325,/home/caq/6666_raw/dav2_raw_0603/finetune_stf/analysis/0611_stf_raw_render_sweep_dark10/dav2l_pred/raw_black01_g065/2018-02-04_21-37-51_00200.npy,/home/caq/6666_raw/dav2_raw_0603/finetune_stf/analysis/0611_stf_raw_render_sweep_dark10/rendered_rgb/raw_black01_g065/2018-02-04_21-37-51_00200.png
2018-02-04_21-37-51_00200,test,raw_black05_g075,0.200648358,0.659587379,1648,0.000416405233,0.00955914835,/home/caq/6666_raw/dav2_raw_0603/finetune_stf/analysis/0611_stf_raw_render_sweep_dark10/dav2l_pred/raw_black05_g075/2018-02-04_21-37-51_00200.npy,/home/caq/6666_raw/dav2_raw_0603/finetune_stf/analysis/0611_stf_raw_render_sweep_dark10/rendered_rgb/raw_black05_g075/2018-02-04_21-37-51_00200.png
2018-02-04_21-37-51_00200,test,raw_black10_g085,0.225227402,0.641990291,1648,0.000423744597,0.0134373586,/home/caq/6666_raw/dav2_raw_0603/finetune_stf/analysis/0611_stf_raw_render_sweep_dark10/dav2l_pred/raw_black10_g085/2018-02-04_21-37-51_00200.npy,/home/caq/6666_raw/dav2_raw_0603/finetune_stf/analysis/0611_stf_raw_render_sweep_dark10/rendered_rgb/raw_black10_g085/2018-02-04_21-37-51_00200.png
2018-02-04_21-37-51_00200,test,raw_black05_g075_unsharp,0.181319539,0.656553398,1648,0.000374357822,0.0072077928,/home/caq/6666_raw/dav2_raw_0603/finetune_stf/analysis/0611_stf_raw_render_sweep_dark10/dav2l_pred/raw_black05_g075_unsharp/2018-02-04_21-37-51_00200.npy,/home/caq/6666_raw/dav2_raw_0603/finetune_stf/analysis/0611_stf_raw_render_sweep_dark10/rendered_rgb/raw_black05_g075_unsharp/2018-02-04_21-37-51_00200.png
2018-02-04_21-37-51_00200,test,raw_decomp_black05_g075,0.201569687,0.659587379,1648,0.000417065572,0.00965934373,/home/caq/6666_raw/dav2_raw_0603/finetune_stf/analysis/0611_stf_raw_render_sweep_dark10/dav2l_pred/raw_decomp_black05_g075/2018-02-04_21-37-51_00200.npy,/home/caq/6666_raw/dav2_raw_0603/finetune_stf/analysis/0611_stf_raw_render_sweep_dark10/rendered_rgb/raw_decomp_black05_g075/2018-02-04_21-37-51_00200.png
2018-02-04_21-37-51_00300,test,dataset_rgb,0.0567007803,0.955438066,1324,0.000315359481,0.000860930448,/home/caq/6666_raw/dav2_raw_0603/finetune_stf/analysis/0611_stf_raw_render_sweep_dark10/dav2l_pred/dataset_rgb/2018-02-04_21-37-51_00300.npy,
2018-02-04_21-37-51_00300,test,raw_rod_like_g045,0.0595554753,0.970543807,1324,0.000313562311,0.000578840829,/home/caq/6666_raw/dav2_raw_0603/finetune_stf/analysis/0611_stf_raw_render_sweep_dark10/dav2l_pred/raw_rod_like_g045/2018-02-04_21-37-51_00300.npy,/home/caq/6666_raw/dav2_raw_0603/finetune_stf/analysis/0611_stf_raw_render_sweep_dark10/rendered_rgb/raw_rod_like_g045/2018-02-04_21-37-51_00300.png
2018-02-04_21-37-51_00300,test,raw_black01_g065,0.0592005303,0.972809668,1324,0.000341184379,0.000897435577,/home/caq/6666_raw/dav2_raw_0603/finetune_stf/analysis/0611_stf_raw_render_sweep_dark10/dav2l_pred/raw_black01_g065/2018-02-04_21-37-51_00300.npy,/home/caq/6666_raw/dav2_raw_0603/finetune_stf/analysis/0611_stf_raw_render_sweep_dark10/rendered_rgb/raw_black01_g065/2018-02-04_21-37-51_00300.png
2018-02-04_21-37-51_00300,test,raw_black05_g075,0.0571985214,0.972809668,1324,0.000337349648,0.0011460676,/home/caq/6666_raw/dav2_raw_0603/finetune_stf/analysis/0611_stf_raw_render_sweep_dark10/dav2l_pred/raw_black05_g075/2018-02-04_21-37-51_00300.npy,/home/caq/6666_raw/dav2_raw_0603/finetune_stf/analysis/0611_stf_raw_render_sweep_dark10/rendered_rgb/raw_black05_g075/2018-02-04_21-37-51_00300.png
2018-02-04_21-37-51_00300,test,raw_black10_g085,0.0612056772,0.973564955,1324,0.000362607168,0.00354169564,/home/caq/6666_raw/dav2_raw_0603/finetune_stf/analysis/0611_stf_raw_render_sweep_dark10/dav2l_pred/raw_black10_g085/2018-02-04_21-37-51_00300.npy,/home/caq/6666_raw/dav2_raw_0603/finetune_stf/analysis/0611_stf_raw_render_sweep_dark10/rendered_rgb/raw_black10_g085/2018-02-04_21-37-51_00300.png
2018-02-04_21-37-51_00300,test,raw_black05_g075_unsharp,0.0570736391,0.96978852,1324,0.000293410741,0.0004877075,/home/caq/6666_raw/dav2_raw_0603/finetune_stf/analysis/0611_stf_raw_render_sweep_dark10/dav2l_pred/raw_black05_g075_unsharp/2018-02-04_21-37-51_00300.npy,/home/caq/6666_raw/dav2_raw_0603/finetune_stf/analysis/0611_stf_raw_render_sweep_dark10/rendered_rgb/raw_black05_g075_unsharp/2018-02-04_21-37-51_00300.png
2018-02-04_21-37-51_00300,test,raw_decomp_black05_g075,0.0581129918,0.973564955,1324,0.000338291062,0.0012940697,/home/caq/6666_raw/dav2_raw_0603/finetune_stf/analysis/0611_stf_raw_render_sweep_dark10/dav2l_pred/raw_decomp_black05_g075/2018-02-04_21-37-51_00300.npy,/home/caq/6666_raw/dav2_raw_0603/finetune_stf/analysis/0611_stf_raw_render_sweep_dark10/rendered_rgb/raw_decomp_black05_g075/2018-02-04_21-37-51_00300.png
2018-02-04_21-35-48_00300,test,dataset_rgb,0.101032498,0.902470741,1538,0.000309004732,0.0135425707,/home/caq/6666_raw/dav2_raw_0603/finetune_stf/analysis/0611_stf_raw_render_sweep_dark10/dav2l_pred/dataset_rgb/2018-02-04_21-35-48_00300.npy,
2018-02-04_21-35-48_00300,test,raw_rod_like_g045,0.080101393,0.922626788,1538,0.000346626191,0.00854773863,/home/caq/6666_raw/dav2_raw_0603/finetune_stf/analysis/0611_stf_raw_render_sweep_dark10/dav2l_pred/raw_rod_like_g045/2018-02-04_21-35-48_00300.npy,/home/caq/6666_raw/dav2_raw_0603/finetune_stf/analysis/0611_stf_raw_render_sweep_dark10/rendered_rgb/raw_rod_like_g045/2018-02-04_21-35-48_00300.png
2018-02-04_21-35-48_00300,test,raw_black01_g065,0.0892157322,0.909622887,1538,0.000378593727,0.0104105204,/home/caq/6666_raw/dav2_raw_0603/finetune_stf/analysis/0611_stf_raw_render_sweep_dark10/dav2l_pred/raw_black01_g065/2018-02-04_21-35-48_00300.npy,/home/caq/6666_raw/dav2_raw_0603/finetune_stf/analysis/0611_stf_raw_render_sweep_dark10/rendered_rgb/raw_black01_g065/2018-02-04_21-35-48_00300.png
2018-02-04_21-35-48_00300,test,raw_black05_g075,0.0894897722,0.909622887,1538,0.000364970753,0.00993849002,/home/caq/6666_raw/dav2_raw_0603/finetune_stf/analysis/0611_stf_raw_render_sweep_dark10/dav2l_pred/raw_black05_g075/2018-02-04_21-35-48_00300.npy,/home/caq/6666_raw/dav2_raw_0603/finetune_stf/analysis/0611_stf_raw_render_sweep_dark10/rendered_rgb/raw_black05_g075/2018-02-04_21-35-48_00300.png
2018-02-04_21-35-48_00300,test,raw_black10_g085,0.123728954,0.864109233,1538,0.000370337817,0.0152803586,/home/caq/6666_raw/dav2_raw_0603/finetune_stf/analysis/0611_stf_raw_render_sweep_dark10/dav2l_pred/raw_black10_g085/2018-02-04_21-35-48_00300.npy,/home/caq/6666_raw/dav2_raw_0603/finetune_stf/analysis/0611_stf_raw_render_sweep_dark10/rendered_rgb/raw_black10_g085/2018-02-04_21-35-48_00300.png
2018-02-04_21-35-48_00300,test,raw_black05_g075_unsharp,0.0748883466,0.94083225,1538,0.000323232765,0.0075858661,/home/caq/6666_raw/dav2_raw_0603/finetune_stf/analysis/0611_stf_raw_render_sweep_dark10/dav2l_pred/raw_black05_g075_unsharp/2018-02-04_21-35-48_00300.npy,/home/caq/6666_raw/dav2_raw_0603/finetune_stf/analysis/0611_stf_raw_render_sweep_dark10/rendered_rgb/raw_black05_g075_unsharp/2018-02-04_21-35-48_00300.png
2018-02-04_21-35-48_00300,test,raw_decomp_black05_g075,0.0899738642,0.909622887,1538,0.000364553348,0.0100443611,/home/caq/6666_raw/dav2_raw_0603/finetune_stf/analysis/0611_stf_raw_render_sweep_dark10/dav2l_pred/raw_decomp_black05_g075/2018-02-04_21-35-48_00300.npy,/home/caq/6666_raw/dav2_raw_0603/finetune_stf/analysis/0611_stf_raw_render_sweep_dark10/rendered_rgb/raw_decomp_black05_g075/2018-02-04_21-35-48_00300.png
2018-02-04_21-32-11_00300,test,dataset_rgb,0.105802267,0.855885589,1818,0.00030416927,0.010850875,/home/caq/6666_raw/dav2_raw_0603/finetune_stf/analysis/0611_stf_raw_render_sweep_dark10/dav2l_pred/dataset_rgb/2018-02-04_21-32-11_00300.npy,
2018-02-04_21-32-11_00300,test,raw_rod_like_g045,0.089976075,0.908690869,1818,0.000283166311,0.0141682916,/home/caq/6666_raw/dav2_raw_0603/finetune_stf/analysis/0611_stf_raw_render_sweep_dark10/dav2l_pred/raw_rod_like_g045/2018-02-04_21-32-11_00300.npy,/home/caq/6666_raw/dav2_raw_0603/finetune_stf/analysis/0611_stf_raw_render_sweep_dark10/rendered_rgb/raw_rod_like_g045/2018-02-04_21-32-11_00300.png
2018-02-04_21-32-11_00300,test,raw_black01_g065,0.0905230044,0.908140814,1818,0.000290006268,0.0139480033,/home/caq/6666_raw/dav2_raw_0603/finetune_stf/analysis/0611_stf_raw_render_sweep_dark10/dav2l_pred/raw_black01_g065/2018-02-04_21-32-11_00300.npy,/home/caq/6666_raw/dav2_raw_0603/finetune_stf/analysis/0611_stf_raw_render_sweep_dark10/rendered_rgb/raw_black01_g065/2018-02-04_21-32-11_00300.png
2018-02-04_21-32-11_00300,test,raw_black05_g075,0.0883845676,0.905390539,1818,0.000283436052,0.0142125974,/home/caq/6666_raw/dav2_raw_0603/finetune_stf/analysis/0611_stf_raw_render_sweep_dark10/dav2l_pred/raw_black05_g075/2018-02-04_21-32-11_00300.npy,/home/caq/6666_raw/dav2_raw_0603/finetune_stf/analysis/0611_stf_raw_render_sweep_dark10/rendered_rgb/raw_black05_g075/2018-02-04_21-32-11_00300.png
2018-02-04_21-32-11_00300,test,raw_black10_g085,0.090965717,0.888888889,1818,0.00031743029,0.0146643544,/home/caq/6666_raw/dav2_raw_0603/finetune_stf/analysis/0611_stf_raw_render_sweep_dark10/dav2l_pred/raw_black10_g085/2018-02-04_21-32-11_00300.npy,/home/caq/6666_raw/dav2_raw_0603/finetune_stf/analysis/0611_stf_raw_render_sweep_dark10/rendered_rgb/raw_black10_g085/2018-02-04_21-32-11_00300.png
2018-02-04_21-32-11_00300,test,raw_black05_g075_unsharp,0.0872321829,0.905390539,1818,0.000271807163,0.0141932233,/home/caq/6666_raw/dav2_raw_0603/finetune_stf/analysis/0611_stf_raw_render_sweep_dark10/dav2l_pred/raw_black05_g075_unsharp/2018-02-04_21-32-11_00300.npy,/home/caq/6666_raw/dav2_raw_0603/finetune_stf/analysis/0611_stf_raw_render_sweep_dark10/rendered_rgb/raw_black05_g075_unsharp/2018-02-04_21-32-11_00300.png
2018-02-04_21-32-11_00300,test,raw_decomp_black05_g075,0.0890283496,0.901540154,1818,0.000286325405,0.0139713095,/home/caq/6666_raw/dav2_raw_0603/finetune_stf/analysis/0611_stf_raw_render_sweep_dark10/dav2l_pred/raw_decomp_black05_g075/2018-02-04_21-32-11_00300.npy,/home/caq/6666_raw/dav2_raw_0603/finetune_stf/analysis/0611_stf_raw_render_sweep_dark10/rendered_rgb/raw_decomp_black05_g075/2018-02-04_21-32-11_00300.png
2018-02-04_21-49-30_00300,test,dataset_rgb,0.108363415,0.877729258,1374,0.000393762071,0.0221269186,/home/caq/6666_raw/dav2_raw_0603/finetune_stf/analysis/0611_stf_raw_render_sweep_dark10/dav2l_pred/dataset_rgb/2018-02-04_21-49-30_00300.npy,
2018-02-04_21-49-30_00300,test,raw_rod_like_g045,0.138160429,0.818777293,1374,0.000366490083,0.0212958534,/home/caq/6666_raw/dav2_raw_0603/finetune_stf/analysis/0611_stf_raw_render_sweep_dark10/dav2l_pred/raw_rod_like_g045/2018-02-04_21-49-30_00300.npy,/home/caq/6666_raw/dav2_raw_0603/finetune_stf/analysis/0611_stf_raw_render_sweep_dark10/rendered_rgb/raw_rod_like_g045/2018-02-04_21-49-30_00300.png
2018-02-04_21-49-30_00300,test,raw_black01_g065,0.136058299,0.812227074,1374,0.000397056056,0.023885608,/home/caq/6666_raw/dav2_raw_0603/finetune_stf/analysis/0611_stf_raw_render_sweep_dark10/dav2l_pred/raw_black01_g065/2018-02-04_21-49-30_00300.npy,/home/caq/6666_raw/dav2_raw_0603/finetune_stf/analysis/0611_stf_raw_render_sweep_dark10/rendered_rgb/raw_black01_g065/2018-02-04_21-49-30_00300.png
2018-02-04_21-49-30_00300,test,raw_black05_g075,0.146765724,0.780931587,1374,0.000376819119,0.0244286521,/home/caq/6666_raw/dav2_raw_0603/finetune_stf/analysis/0611_stf_raw_render_sweep_dark10/dav2l_pred/raw_black05_g075/2018-02-04_21-49-30_00300.npy,/home/caq/6666_raw/dav2_raw_0603/finetune_stf/analysis/0611_stf_raw_render_sweep_dark10/rendered_rgb/raw_black05_g075/2018-02-04_21-49-30_00300.png
2018-02-04_21-49-30_00300,test,raw_black10_g085,0.195602081,0.729257642,1374,0.000387067399,0.0333339389,/home/caq/6666_raw/dav2_raw_0603/finetune_stf/analysis/0611_stf_raw_render_sweep_dark10/dav2l_pred/raw_black10_g085/2018-02-04_21-49-30_00300.npy,/home/caq/6666_raw/dav2_raw_0603/finetune_stf/analysis/0611_stf_raw_render_sweep_dark10/rendered_rgb/raw_black10_g085/2018-02-04_21-49-30_00300.png
2018-02-04_21-49-30_00300,test,raw_black05_g075_unsharp,0.121349053,0.836244541,1374,0.000336235561,0.0213199799,/home/caq/6666_raw/dav2_raw_0603/finetune_stf/analysis/0611_stf_raw_render_sweep_dark10/dav2l_pred/raw_black05_g075_unsharp/2018-02-04_21-49-30_00300.npy,/home/caq/6666_raw/dav2_raw_0603/finetune_stf/analysis/0611_stf_raw_render_sweep_dark10/rendered_rgb/raw_black05_g075_unsharp/2018-02-04_21-49-30_00300.png
2018-02-04_21-49-30_00300,test,raw_decomp_black05_g075,0.140699946,0.823144105,1374,0.000405486195,0.0281013452,/home/caq/6666_raw/dav2_raw_0603/finetune_stf/analysis/0611_stf_raw_render_sweep_dark10/dav2l_pred/raw_decomp_black05_g075/2018-02-04_21-49-30_00300.npy,/home/caq/6666_raw/dav2_raw_0603/finetune_stf/analysis/0611_stf_raw_render_sweep_dark10/rendered_rgb/raw_decomp_black05_g075/2018-02-04_21-49-30_00300.png
2018-02-04_21-46-57_00000,test,dataset_rgb,0.0994686274,0.870927318,1596,0.00028647668,0.0134314264,/home/caq/6666_raw/dav2_raw_0603/finetune_stf/analysis/0611_stf_raw_render_sweep_dark10/dav2l_pred/dataset_rgb/2018-02-04_21-46-57_00000.npy,
2018-02-04_21-46-57_00000,test,raw_rod_like_g045,0.0987346653,0.885964912,1596,0.000278101371,0.012573893,/home/caq/6666_raw/dav2_raw_0603/finetune_stf/analysis/0611_stf_raw_render_sweep_dark10/dav2l_pred/raw_rod_like_g045/2018-02-04_21-46-57_00000.npy,/home/caq/6666_raw/dav2_raw_0603/finetune_stf/analysis/0611_stf_raw_render_sweep_dark10/rendered_rgb/raw_rod_like_g045/2018-02-04_21-46-57_00000.png
2018-02-04_21-46-57_00000,test,raw_black01_g065,0.0998760432,0.883458647,1596,0.000300709739,0.0131540958,/home/caq/6666_raw/dav2_raw_0603/finetune_stf/analysis/0611_stf_raw_render_sweep_dark10/dav2l_pred/raw_black01_g065/2018-02-04_21-46-57_00000.npy,/home/caq/6666_raw/dav2_raw_0603/finetune_stf/analysis/0611_stf_raw_render_sweep_dark10/rendered_rgb/raw_black01_g065/2018-02-04_21-46-57_00000.png
2018-02-04_21-46-57_00000,test,raw_black05_g075,0.104671307,0.870300752,1596,0.000298987808,0.0142659359,/home/caq/6666_raw/dav2_raw_0603/finetune_stf/analysis/0611_stf_raw_render_sweep_dark10/dav2l_pred/raw_black05_g075/2018-02-04_21-46-57_00000.npy,/home/caq/6666_raw/dav2_raw_0603/finetune_stf/analysis/0611_stf_raw_render_sweep_dark10/rendered_rgb/raw_black05_g075/2018-02-04_21-46-57_00000.png
2018-02-04_21-46-57_00000,test,raw_black10_g085,0.122532255,0.813909774,1596,0.000326146056,0.0179670796,/home/caq/6666_raw/dav2_raw_0603/finetune_stf/analysis/0611_stf_raw_render_sweep_dark10/dav2l_pred/raw_black10_g085/2018-02-04_21-46-57_00000.npy,/home/caq/6666_raw/dav2_raw_0603/finetune_stf/analysis/0611_stf_raw_render_sweep_dark10/rendered_rgb/raw_black10_g085/2018-02-04_21-46-57_00000.png
2018-02-04_21-46-57_00000,test,raw_black05_g075_unsharp,0.100520947,0.885964912,1596,0.000269925108,0.0130928604,/home/caq/6666_raw/dav2_raw_0603/finetune_stf/analysis/0611_stf_raw_render_sweep_dark10/dav2l_pred/raw_black05_g075_unsharp/2018-02-04_21-46-57_00000.npy,/home/caq/6666_raw/dav2_raw_0603/finetune_stf/analysis/0611_stf_raw_render_sweep_dark10/rendered_rgb/raw_black05_g075_unsharp/2018-02-04_21-46-57_00000.png
2018-02-04_21-46-57_00000,test,raw_decomp_black05_g075,0.104538475,0.873433584,1596,0.000298894476,0.0143923241,/home/caq/6666_raw/dav2_raw_0603/finetune_stf/analysis/0611_stf_raw_render_sweep_dark10/dav2l_pred/raw_decomp_black05_g075/2018-02-04_21-46-57_00000.npy,/home/caq/6666_raw/dav2_raw_0603/finetune_stf/analysis/0611_stf_raw_render_sweep_dark10/rendered_rgb/raw_decomp_black05_g075/2018-02-04_21-46-57_00000.png
2018-02-04_21-35-48_00400,test,dataset_rgb,0.133787544,0.838370565,1522,0.000313507631,0.0127820696,/home/caq/6666_raw/dav2_raw_0603/finetune_stf/analysis/0611_stf_raw_render_sweep_dark10/dav2l_pred/dataset_rgb/2018-02-04_21-35-48_00400.npy,
2018-02-04_21-35-48_00400,test,raw_rod_like_g045,0.119432757,0.855453351,1522,0.000295311731,0.0108621576,/home/caq/6666_raw/dav2_raw_0603/finetune_stf/analysis/0611_stf_raw_render_sweep_dark10/dav2l_pred/raw_rod_like_g045/2018-02-04_21-35-48_00400.npy,/home/caq/6666_raw/dav2_raw_0603/finetune_stf/analysis/0611_stf_raw_render_sweep_dark10/rendered_rgb/raw_rod_like_g045/2018-02-04_21-35-48_00400.png
2018-02-04_21-35-48_00400,test,raw_black01_g065,0.119348341,0.858081472,1522,0.000314145111,0.0113835946,/home/caq/6666_raw/dav2_raw_0603/finetune_stf/analysis/0611_stf_raw_render_sweep_dark10/dav2l_pred/raw_black01_g065/2018-02-04_21-35-48_00400.npy,/home/caq/6666_raw/dav2_raw_0603/finetune_stf/analysis/0611_stf_raw_render_sweep_dark10/rendered_rgb/raw_black01_g065/2018-02-04_21-35-48_00400.png
2018-02-04_21-35-48_00400,test,raw_black05_g075,0.119483666,0.85282523,1522,0.000302038153,0.0120320991,/home/caq/6666_raw/dav2_raw_0603/finetune_stf/analysis/0611_stf_raw_render_sweep_dark10/dav2l_pred/raw_black05_g075/2018-02-04_21-35-48_00400.npy,/home/caq/6666_raw/dav2_raw_0603/finetune_stf/analysis/0611_stf_raw_render_sweep_dark10/rendered_rgb/raw_black05_g075/2018-02-04_21-35-48_00400.png
2018-02-04_21-35-48_00400,test,raw_black10_g085,0.125093369,0.842969777,1522,0.00032527414,0.0144382704,/home/caq/6666_raw/dav2_raw_0603/finetune_stf/analysis/0611_stf_raw_render_sweep_dark10/dav2l_pred/raw_black10_g085/2018-02-04_21-35-48_00400.npy,/home/caq/6666_raw/dav2_raw_0603/finetune_stf/analysis/0611_stf_raw_render_sweep_dark10/rendered_rgb/raw_black10_g085/2018-02-04_21-35-48_00400.png
2018-02-04_21-35-48_00400,test,raw_black05_g075_unsharp,0.118626105,0.8521682,1522,0.000277003841,0.0121709697,/home/caq/6666_raw/dav2_raw_0603/finetune_stf/analysis/0611_stf_raw_render_sweep_dark10/dav2l_pred/raw_black05_g075_unsharp/2018-02-04_21-35-48_00400.npy,/home/caq/6666_raw/dav2_raw_0603/finetune_stf/analysis/0611_stf_raw_render_sweep_dark10/rendered_rgb/raw_black05_g075_unsharp/2018-02-04_21-35-48_00400.png
2018-02-04_21-35-48_00400,test,raw_decomp_black05_g075,0.118740404,0.85282523,1522,0.000310557713,0.0129224439,/home/caq/6666_raw/dav2_raw_0603/finetune_stf/analysis/0611_stf_raw_render_sweep_dark10/dav2l_pred/raw_decomp_black05_g075/2018-02-04_21-35-48_00400.npy,/home/caq/6666_raw/dav2_raw_0603/finetune_stf/analysis/0611_stf_raw_render_sweep_dark10/rendered_rgb/raw_decomp_black05_g075/2018-02-04_21-35-48_00400.png
2018-02-04_21-44-44_00100,test,dataset_rgb,0.0667548967,0.9315148,1723,0.000290203281,0.0105942768,/home/caq/6666_raw/dav2_raw_0603/finetune_stf/analysis/0611_stf_raw_render_sweep_dark10/dav2l_pred/dataset_rgb/2018-02-04_21-44-44_00100.npy,
2018-02-04_21-44-44_00100,test,raw_rod_like_g045,0.062552065,0.937899013,1723,0.000294000352,0.0106700937,/home/caq/6666_raw/dav2_raw_0603/finetune_stf/analysis/0611_stf_raw_render_sweep_dark10/dav2l_pred/raw_rod_like_g045/2018-02-04_21-44-44_00100.npy,/home/caq/6666_raw/dav2_raw_0603/finetune_stf/analysis/0611_stf_raw_render_sweep_dark10/rendered_rgb/raw_rod_like_g045/2018-02-04_21-44-44_00100.png
2018-02-04_21-44-44_00100,test,raw_black01_g065,0.0651087406,0.9315148,1723,0.000314828854,0.0114518978,/home/caq/6666_raw/dav2_raw_0603/finetune_stf/analysis/0611_stf_raw_render_sweep_dark10/dav2l_pred/raw_black01_g065/2018-02-04_21-44-44_00100.npy,/home/caq/6666_raw/dav2_raw_0603/finetune_stf/analysis/0611_stf_raw_render_sweep_dark10/rendered_rgb/raw_black01_g065/2018-02-04_21-44-44_00100.png
2018-02-04_21-44-44_00100,test,raw_black05_g075,0.0700388352,0.924550203,1723,0.000302525738,0.0123822448,/home/caq/6666_raw/dav2_raw_0603/finetune_stf/analysis/0611_stf_raw_render_sweep_dark10/dav2l_pred/raw_black05_g075/2018-02-04_21-44-44_00100.npy,/home/caq/6666_raw/dav2_raw_0603/finetune_stf/analysis/0611_stf_raw_render_sweep_dark10/rendered_rgb/raw_black05_g075/2018-02-04_21-44-44_00100.png
2018-02-04_21-44-44_00100,test,raw_black10_g085,0.0764494284,0.915844457,1723,0.000307222311,0.0132897413,/home/caq/6666_raw/dav2_raw_0603/finetune_stf/analysis/0611_stf_raw_render_sweep_dark10/dav2l_pred/raw_black10_g085/2018-02-04_21-44-44_00100.npy,/home/caq/6666_raw/dav2_raw_0603/finetune_stf/analysis/0611_stf_raw_render_sweep_dark10/rendered_rgb/raw_black10_g085/2018-02-04_21-44-44_00100.png
2018-02-04_21-44-44_00100,test,raw_black05_g075_unsharp,0.0631786447,0.936157864,1723,0.000265157584,0.0104687897,/home/caq/6666_raw/dav2_raw_0603/finetune_stf/analysis/0611_stf_raw_render_sweep_dark10/dav2l_pred/raw_black05_g075_unsharp/2018-02-04_21-44-44_00100.npy,/home/caq/6666_raw/dav2_raw_0603/finetune_stf/analysis/0611_stf_raw_render_sweep_dark10/rendered_rgb/raw_black05_g075_unsharp/2018-02-04_21-44-44_00100.png
2018-02-04_21-44-44_00100,test,raw_decomp_black05_g075,0.0704503152,0.923389437,1723,0.000303444232,0.0124290087,/home/caq/6666_raw/dav2_raw_0603/finetune_stf/analysis/0611_stf_raw_render_sweep_dark10/dav2l_pred/raw_decomp_black05_g075/2018-02-04_21-44-44_00100.npy,/home/caq/6666_raw/dav2_raw_0603/finetune_stf/analysis/0611_stf_raw_render_sweep_dark10/rendered_rgb/raw_decomp_black05_g075/2018-02-04_21-44-44_00100.png
2018-02-04_18-26-37_00200,test,dataset_rgb,0.108574429,0.852386935,1592,0.000283664639,0.0098028023,/home/caq/6666_raw/dav2_raw_0603/finetune_stf/analysis/0611_stf_raw_render_sweep_dark10/dav2l_pred/dataset_rgb/2018-02-04_18-26-37_00200.npy,
2018-02-04_18-26-37_00200,test,raw_rod_like_g045,0.111332607,0.834170854,1592,0.000295113222,0.00944608955,/home/caq/6666_raw/dav2_raw_0603/finetune_stf/analysis/0611_stf_raw_render_sweep_dark10/dav2l_pred/raw_rod_like_g045/2018-02-04_18-26-37_00200.npy,/home/caq/6666_raw/dav2_raw_0603/finetune_stf/analysis/0611_stf_raw_render_sweep_dark10/rendered_rgb/raw_rod_like_g045/2018-02-04_18-26-37_00200.png
2018-02-04_18-26-37_00200,test,raw_black01_g065,0.114242137,0.819723618,1592,0.000315503115,0.0104396033,/home/caq/6666_raw/dav2_raw_0603/finetune_stf/analysis/0611_stf_raw_render_sweep_dark10/dav2l_pred/raw_black01_g065/2018-02-04_18-26-37_00200.npy,/home/caq/6666_raw/dav2_raw_0603/finetune_stf/analysis/0611_stf_raw_render_sweep_dark10/rendered_rgb/raw_black01_g065/2018-02-04_18-26-37_00200.png
2018-02-04_18-26-37_00200,test,raw_black05_g075,0.120483355,0.807788945,1592,0.000313895557,0.0114070783,/home/caq/6666_raw/dav2_raw_0603/finetune_stf/analysis/0611_stf_raw_render_sweep_dark10/dav2l_pred/raw_black05_g075/2018-02-04_18-26-37_00200.npy,/home/caq/6666_raw/dav2_raw_0603/finetune_stf/analysis/0611_stf_raw_render_sweep_dark10/rendered_rgb/raw_black05_g075/2018-02-04_18-26-37_00200.png
2018-02-04_18-26-37_00200,test,raw_black10_g085,0.148564129,0.77701005,1592,0.000331508815,0.0155282514,/home/caq/6666_raw/dav2_raw_0603/finetune_stf/analysis/0611_stf_raw_render_sweep_dark10/dav2l_pred/raw_black10_g085/2018-02-04_18-26-37_00200.npy,/home/caq/6666_raw/dav2_raw_0603/finetune_stf/analysis/0611_stf_raw_render_sweep_dark10/rendered_rgb/raw_black10_g085/2018-02-04_18-26-37_00200.png
2018-02-04_18-26-37_00200,test,raw_black05_g075_unsharp,0.106477635,0.852386935,1592,0.000281047433,0.00916667721,/home/caq/6666_raw/dav2_raw_0603/finetune_stf/analysis/0611_stf_raw_render_sweep_dark10/dav2l_pred/raw_black05_g075_unsharp/2018-02-04_18-26-37_00200.npy,/home/caq/6666_raw/dav2_raw_0603/finetune_stf/analysis/0611_stf_raw_render_sweep_dark10/rendered_rgb/raw_black05_g075_unsharp/2018-02-04_18-26-37_00200.png
2018-02-04_18-26-37_00200,test,raw_decomp_black05_g075,0.121208445,0.806532663,1592,0.00030933296,0.0116732091,/home/caq/6666_raw/dav2_raw_0603/finetune_stf/analysis/0611_stf_raw_render_sweep_dark10/dav2l_pred/raw_decomp_black05_g075/2018-02-04_18-26-37_00200.npy,/home/caq/6666_raw/dav2_raw_0603/finetune_stf/analysis/0611_stf_raw_render_sweep_dark10/rendered_rgb/raw_decomp_black05_g075/2018-02-04_18-26-37_00200.png
