sample_index,sample_name,row_label,domain,experiment,checkpoint,checkpoint_epoch,best_lod_d1,abs_rel,rmse,silog,d1,d2,d3,align_scale,align_shift,valid_pixels,d1_pass_pixels,backbone_min,backbone_p01,backbone_mean,backbone_p50,backbone_p99,backbone_max,panel_path
108,lod-4433-4434,D0,rgb,DAv2-S_RGB_Dark_init,/mnt/drive/9999_backup_from_home_0514/333_cvpr/da_ours/checkpoints/depth_anything_v2_vits.pth,,nan,0.3215389071867237,40.621663937762335,0.3637495117744804,0.347076416015625,0.8196818033854166,0.9461995442708333,65.33924828875251,-5.203085797775541,491520,170595,0.0,0.0,0.017049850896000862,0.0117647061124444,0.0470588244497776,0.11372549086809158,/home/caq/6666_raw/dav2_raw_0603/finetune_stf/analysis/lod_true_rgb_raw_panel/0608_193715_planb_block8excl10_best_model_random10_seed42_cross_exp/sample_panels/lod_true_planb_cross_exp_idx0108_lod-4433-4434.png
108,lod-4433-4434,R0,rgb,0608_1509_lod_true_rgb_dark_block8excl10_dav2s_decoder_e40_R0_aug-baseline_e10_poly,/mnt/drive/3333_raw/0000_exp_ckpt/0608_1509_lod_true_rgb_dark_block8excl10_dav2s_decoder_e40_R0_aug-baseline_e10_poly/best_model.pth,30,0.8350636940655152,0.29058990931825435,40.46752437430151,0.34105003219759455,0.4754252115885417,0.867669677734375,0.9466471354166667,81.54066028286418,-37.52552407699308,491520,233681,0.0,0.0,0.017049850896000862,0.0117647061124444,0.0470588244497776,0.11372549086809158,/home/caq/6666_raw/dav2_raw_0603/finetune_stf/analysis/lod_true_rgb_raw_panel/0608_193715_planb_block8excl10_best_model_random10_seed42_cross_exp/sample_panels/lod_true_planb_cross_exp_idx0108_lod-4433-4434.png
108,lod-4433-4434,Rg,rgb,0608_1605_lod_true_rgb_dark_block8excl10_dav2s_decoder_e40_Rg_aug-geom_poly,/mnt/drive/3333_raw/0000_exp_ckpt/0608_1605_lod_true_rgb_dark_block8excl10_dav2s_decoder_e40_Rg_aug-geom_poly/best_model.pth,30,0.8338252348611325,0.2897555439408515,39.863778877640414,0.34631480276989524,0.48354695638020834,0.8668721516927084,0.9398946126302083,78.71254927714347,-35.880543425389824,491520,237673,0.0,0.0,0.017049850896000862,0.0117647061124444,0.0470588244497776,0.11372549086809158,/home/caq/6666_raw/dav2_raw_0603/finetune_stf/analysis/lod_true_rgb_raw_panel/0608_193715_planb_block8excl10_best_model_random10_seed42_cross_exp/sample_panels/lod_true_planb_cross_exp_idx0108_lod-4433-4434.png
108,lod-4433-4434,R1,rgb,0608_1659_lod_true_rgb_dark_block8excl10_dav2s_decoder_e40_R1_aug-medium_poly,/mnt/drive/3333_raw/0000_exp_ckpt/0608_1659_lod_true_rgb_dark_block8excl10_dav2s_decoder_e40_R1_aug-medium_poly/best_model.pth,27,0.833225889823933,0.2837897688127701,39.51501420607904,0.3635906996969271,0.560308837890625,0.87330322265625,0.9294474283854167,78.4863263755879,-38.088573968317746,491520,275403,0.0,0.0,0.017049850896000862,0.0117647061124444,0.0470588244497776,0.11372549086809158,/home/caq/6666_raw/dav2_raw_0603/finetune_stf/analysis/lod_true_rgb_raw_panel/0608_193715_planb_block8excl10_best_model_random10_seed42_cross_exp/sample_panels/lod_true_planb_cross_exp_idx0108_lod-4433-4434.png
108,lod-4433-4434,W0,raw,0608_1739_lod_true_raw_rgb16_block8excl10_ram3_dav2s_decoder_e40_W0_aug-baseline_e10_poly,/mnt/drive/3333_raw/0000_exp_ckpt/0608_1739_lod_true_raw_rgb16_block8excl10_ram3_dav2s_decoder_e40_W0_aug-baseline_e10_poly/best_model.pth,36,0.8298510849415097,0.2551389727708762,44.28274934804797,0.323234704452533,0.5774068196614583,0.8709187825520833,0.946466064453125,81.71584963264249,-47.253778082955854,491520,283807,-1.703125,-1.21875,0.0887335017323494,0.12060546875,1.546875,2.109375,/home/caq/6666_raw/dav2_raw_0603/finetune_stf/analysis/lod_true_rgb_raw_panel/0608_193715_planb_block8excl10_best_model_random10_seed42_cross_exp/sample_panels/lod_true_planb_cross_exp_idx0108_lod-4433-4434.png
108,lod-4433-4434,Wg,raw,0608_1811_lod_true_raw_rgb16_block8excl10_ram3_dav2s_decoder_e40_Wg_aug-geom_poly,/mnt/drive/3333_raw/0000_exp_ckpt/0608_1811_lod_true_raw_rgb16_block8excl10_ram3_dav2s_decoder_e40_Wg_aug-geom_poly/best_model.pth,33,0.8257949591604661,0.3476809221438712,45.628904450283734,0.41988462839891694,0.5280008951822917,0.8131571451822917,0.8895833333333333,80.64174455617487,-52.593551316828076,491520,259523,-1.8984375,-1.3203125,0.022722676396369934,-0.023193359375,1.625,2.171875,/home/caq/6666_raw/dav2_raw_0603/finetune_stf/analysis/lod_true_rgb_raw_panel/0608_193715_planb_block8excl10_best_model_random10_seed42_cross_exp/sample_panels/lod_true_planb_cross_exp_idx0108_lod-4433-4434.png
108,lod-4433-4434,W1,raw,0608_1844_lod_true_raw_rgb16_block8excl10_ram3_dav2s_decoder_e40_W1_aug-medium_poly,/mnt/drive/3333_raw/0000_exp_ckpt/0608_1844_lod_true_raw_rgb16_block8excl10_ram3_dav2s_decoder_e40_W1_aug-medium_poly/best_model.pth,39,0.8260435275099521,0.2967292787649793,44.82867798851597,0.36429622220592744,0.475531005859375,0.8418436686197917,0.9214619954427083,77.02354424209022,-48.381925632116754,491520,233733,-1.6484375,-1.1875,0.09798967838287354,0.052001953125,1.59375,2.09375,/home/caq/6666_raw/dav2_raw_0603/finetune_stf/analysis/lod_true_rgb_raw_panel/0608_193715_planb_block8excl10_best_model_random10_seed42_cross_exp/sample_panels/lod_true_planb_cross_exp_idx0108_lod-4433-4434.png
80,lod-3179-3180,D0,rgb,DAv2-S_RGB_Dark_init,/mnt/drive/9999_backup_from_home_0514/333_cvpr/da_ours/checkpoints/depth_anything_v2_vits.pth,,nan,0.054270053239859596,11.72333330543773,0.08461320045028356,0.975262451171875,0.997589111328125,0.9994730631510417,70.8334140081029,13.852226387000716,491520,479361,0.0,0.0,0.015176353044807911,0.01568627543747425,0.054901961237192154,0.24705882370471954,/home/caq/6666_raw/dav2_raw_0603/finetune_stf/analysis/lod_true_rgb_raw_panel/0608_193715_planb_block8excl10_best_model_random10_seed42_cross_exp/sample_panels/lod_true_planb_cross_exp_idx0080_lod-3179-3180.png
80,lod-3179-3180,R0,rgb,0608_1509_lod_true_rgb_dark_block8excl10_dav2s_decoder_e40_R0_aug-baseline_e10_poly,/mnt/drive/3333_raw/0000_exp_ckpt/0608_1509_lod_true_rgb_dark_block8excl10_dav2s_decoder_e40_R0_aug-baseline_e10_poly/best_model.pth,30,0.8350636940655152,0.021171863591712064,5.002521900185178,0.0363188891495011,0.9969889322916666,0.9996968587239583,0.999993896484375,90.5863174345203,-37.894017246554064,491520,490040,0.0,0.0,0.015176353044807911,0.01568627543747425,0.054901961237192154,0.24705882370471954,/home/caq/6666_raw/dav2_raw_0603/finetune_stf/analysis/lod_true_rgb_raw_panel/0608_193715_planb_block8excl10_best_model_random10_seed42_cross_exp/sample_panels/lod_true_planb_cross_exp_idx0080_lod-3179-3180.png
80,lod-3179-3180,Rg,rgb,0608_1605_lod_true_rgb_dark_block8excl10_dav2s_decoder_e40_Rg_aug-geom_poly,/mnt/drive/3333_raw/0000_exp_ckpt/0608_1605_lod_true_rgb_dark_block8excl10_dav2s_decoder_e40_Rg_aug-geom_poly/best_model.pth,30,0.8338252348611325,0.02272846845877367,5.460313013505711,0.04298870726833782,0.9926981608072917,0.9992289225260417,0.9999857584635417,86.93561066223359,-32.3751106762074,491520,487931,0.0,0.0,0.015176353044807911,0.01568627543747425,0.054901961237192154,0.24705882370471954,/home/caq/6666_raw/dav2_raw_0603/finetune_stf/analysis/lod_true_rgb_raw_panel/0608_193715_planb_block8excl10_best_model_random10_seed42_cross_exp/sample_panels/lod_true_planb_cross_exp_idx0080_lod-3179-3180.png
80,lod-3179-3180,R1,rgb,0608_1659_lod_true_rgb_dark_block8excl10_dav2s_decoder_e40_R1_aug-medium_poly,/mnt/drive/3333_raw/0000_exp_ckpt/0608_1659_lod_true_rgb_dark_block8excl10_dav2s_decoder_e40_R1_aug-medium_poly/best_model.pth,27,0.833225889823933,0.026182599973426528,6.890353999607062,0.048198261016629954,0.9916483561197916,0.9984578450520833,0.9997538248697917,88.68030696970648,-31.815755493023044,491520,487415,0.0,0.0,0.015176353044807911,0.01568627543747425,0.054901961237192154,0.24705882370471954,/home/caq/6666_raw/dav2_raw_0603/finetune_stf/analysis/lod_true_rgb_raw_panel/0608_193715_planb_block8excl10_best_model_random10_seed42_cross_exp/sample_panels/lod_true_planb_cross_exp_idx0080_lod-3179-3180.png
80,lod-3179-3180,W0,raw,0608_1739_lod_true_raw_rgb16_block8excl10_ram3_dav2s_decoder_e40_W0_aug-baseline_e10_poly,/mnt/drive/3333_raw/0000_exp_ckpt/0608_1739_lod_true_raw_rgb16_block8excl10_ram3_dav2s_decoder_e40_W0_aug-baseline_e10_poly/best_model.pth,36,0.8298510849415097,0.022647051752603915,6.181473616830812,0.045534798559440204,0.9899637858072917,0.9991984049479167,0.99998779296875,79.44921447628693,-34.157094949506096,491520,486587,-1.8125,-1.2578125,0.22148068249225616,0.23046875,2.28125,3.484375,/home/caq/6666_raw/dav2_raw_0603/finetune_stf/analysis/lod_true_rgb_raw_panel/0608_193715_planb_block8excl10_best_model_random10_seed42_cross_exp/sample_panels/lod_true_planb_cross_exp_idx0080_lod-3179-3180.png
80,lod-3179-3180,Wg,raw,0608_1811_lod_true_raw_rgb16_block8excl10_ram3_dav2s_decoder_e40_Wg_aug-geom_poly,/mnt/drive/3333_raw/0000_exp_ckpt/0608_1811_lod_true_raw_rgb16_block8excl10_ram3_dav2s_decoder_e40_Wg_aug-geom_poly/best_model.pth,33,0.8257949591604661,0.02093699071443007,5.841589789664136,0.04007635610970359,0.9945454915364583,0.9992757161458333,0.9999776204427083,74.7054331899894,-28.175769295386743,491520,488839,-1.7578125,-1.2109375,0.2663646936416626,0.2734375,2.625,4.25,/home/caq/6666_raw/dav2_raw_0603/finetune_stf/analysis/lod_true_rgb_raw_panel/0608_193715_planb_block8excl10_best_model_random10_seed42_cross_exp/sample_panels/lod_true_planb_cross_exp_idx0080_lod-3179-3180.png
80,lod-3179-3180,W1,raw,0608_1844_lod_true_raw_rgb16_block8excl10_ram3_dav2s_decoder_e40_W1_aug-medium_poly,/mnt/drive/3333_raw/0000_exp_ckpt/0608_1844_lod_true_raw_rgb16_block8excl10_ram3_dav2s_decoder_e40_W1_aug-medium_poly/best_model.pth,39,0.8260435275099521,0.019072697055571467,5.694644380384121,0.03745147101760906,0.9953653971354167,0.9993306477864583,0.9999837239583333,75.55027682056979,-33.14182879378382,491520,489242,-1.5859375,-1.0546875,0.40751326084136963,0.443359375,2.515625,3.6875,/home/caq/6666_raw/dav2_raw_0603/finetune_stf/analysis/lod_true_rgb_raw_panel/0608_193715_planb_block8excl10_best_model_random10_seed42_cross_exp/sample_panels/lod_true_planb_cross_exp_idx0080_lod-3179-3180.png
9,lod-0039-0040,D0,rgb,DAv2-S_RGB_Dark_init,/mnt/drive/9999_backup_from_home_0514/333_cvpr/da_ours/checkpoints/depth_anything_v2_vits.pth,,nan,0.15798515282050965,26.7859857233599,0.25579029280214965,0.8173990885416667,0.910357666015625,0.9476481119791667,69.82142069149157,-15.244611745107933,491520,401768,0.0,0.0,0.014932608231902122,0.007843137718737125,0.07058823853731155,0.1411764770746231,/home/caq/6666_raw/dav2_raw_0603/finetune_stf/analysis/lod_true_rgb_raw_panel/0608_193715_planb_block8excl10_best_model_random10_seed42_cross_exp/sample_panels/lod_true_planb_cross_exp_idx0009_lod-0039-0040.png
9,lod-0039-0040,R0,rgb,0608_1509_lod_true_rgb_dark_block8excl10_dav2s_decoder_e40_R0_aug-baseline_e10_poly,/mnt/drive/3333_raw/0000_exp_ckpt/0608_1509_lod_true_rgb_dark_block8excl10_dav2s_decoder_e40_R0_aug-baseline_e10_poly/best_model.pth,30,0.8350636940655152,0.13423881922524428,26.242897588889043,0.20615826568927262,0.8631388346354166,0.9419047037760416,0.9785441080729167,90.60872101604053,-59.57186878004165,491520,424250,0.0,0.0,0.014932608231902122,0.007843137718737125,0.07058823853731155,0.1411764770746231,/home/caq/6666_raw/dav2_raw_0603/finetune_stf/analysis/lod_true_rgb_raw_panel/0608_193715_planb_block8excl10_best_model_random10_seed42_cross_exp/sample_panels/lod_true_planb_cross_exp_idx0009_lod-0039-0040.png
9,lod-0039-0040,Rg,rgb,0608_1605_lod_true_rgb_dark_block8excl10_dav2s_decoder_e40_Rg_aug-geom_poly,/mnt/drive/3333_raw/0000_exp_ckpt/0608_1605_lod_true_rgb_dark_block8excl10_dav2s_decoder_e40_Rg_aug-geom_poly/best_model.pth,30,0.8338252348611325,0.1312271883927834,24.73674560496034,0.20888260713809023,0.866290283203125,0.93629150390625,0.9746927897135417,85.05728257417506,-53.633154662447566,491520,425799,0.0,0.0,0.014932608231902122,0.007843137718737125,0.07058823853731155,0.1411764770746231,/home/caq/6666_raw/dav2_raw_0603/finetune_stf/analysis/lod_true_rgb_raw_panel/0608_193715_planb_block8excl10_best_model_random10_seed42_cross_exp/sample_panels/lod_true_planb_cross_exp_idx0009_lod-0039-0040.png
9,lod-0039-0040,R1,rgb,0608_1659_lod_true_rgb_dark_block8excl10_dav2s_decoder_e40_R1_aug-medium_poly,/mnt/drive/3333_raw/0000_exp_ckpt/0608_1659_lod_true_rgb_dark_block8excl10_dav2s_decoder_e40_R1_aug-medium_poly/best_model.pth,27,0.833225889823933,0.14636640664078354,27.125233999430353,0.22671386251730982,0.8445943196614584,0.93778076171875,0.9674601236979167,85.54876219495274,-56.57665420381649,491520,415135,0.0,0.0,0.014932608231902122,0.007843137718737125,0.07058823853731155,0.1411764770746231,/home/caq/6666_raw/dav2_raw_0603/finetune_stf/analysis/lod_true_rgb_raw_panel/0608_193715_planb_block8excl10_best_model_random10_seed42_cross_exp/sample_panels/lod_true_planb_cross_exp_idx0009_lod-0039-0040.png
9,lod-0039-0040,W0,raw,0608_1739_lod_true_raw_rgb16_block8excl10_ram3_dav2s_decoder_e40_W0_aug-baseline_e10_poly,/mnt/drive/3333_raw/0000_exp_ckpt/0608_1739_lod_true_raw_rgb16_block8excl10_ram3_dav2s_decoder_e40_W0_aug-baseline_e10_poly/best_model.pth,36,0.8298510849415097,0.11520341073293931,21.60264492119362,0.1660679205460025,0.8891642252604167,0.9704976399739583,0.9884867350260417,80.27028369314954,-42.72239123035331,491520,437042,-1.59375,-1.0234375,0.14538508653640747,0.14453125,1.578125,2.578125,/home/caq/6666_raw/dav2_raw_0603/finetune_stf/analysis/lod_true_rgb_raw_panel/0608_193715_planb_block8excl10_best_model_random10_seed42_cross_exp/sample_panels/lod_true_planb_cross_exp_idx0009_lod-0039-0040.png
9,lod-0039-0040,Wg,raw,0608_1811_lod_true_raw_rgb16_block8excl10_ram3_dav2s_decoder_e40_Wg_aug-geom_poly,/mnt/drive/3333_raw/0000_exp_ckpt/0608_1811_lod_true_raw_rgb16_block8excl10_ram3_dav2s_decoder_e40_Wg_aug-geom_poly/best_model.pth,33,0.8257949591604661,0.11430280711267946,21.821022987654683,0.1678901844016317,0.8896341959635417,0.968756103515625,0.9875284830729166,79.21001090525063,-45.823713770420696,491520,437273,-1.96875,-1.3828125,-0.26058173179626465,-0.306640625,1.3359375,2.796875,/home/caq/6666_raw/dav2_raw_0603/finetune_stf/analysis/lod_true_rgb_raw_panel/0608_193715_planb_block8excl10_best_model_random10_seed42_cross_exp/sample_panels/lod_true_planb_cross_exp_idx0009_lod-0039-0040.png
9,lod-0039-0040,W1,raw,0608_1844_lod_true_raw_rgb16_block8excl10_ram3_dav2s_decoder_e40_W1_aug-medium_poly,/mnt/drive/3333_raw/0000_exp_ckpt/0608_1844_lod_true_raw_rgb16_block8excl10_ram3_dav2s_decoder_e40_W1_aug-medium_poly/best_model.pth,39,0.8260435275099521,0.11788413583135028,22.943076270643463,0.17093173529491054,0.9059834798177083,0.9703328450520833,0.987078857421875,72.84252959652387,-45.05080234346537,491520,445309,-1.6328125,-1.1015625,-0.023254426196217537,-0.0634765625,1.4375,2.140625,/home/caq/6666_raw/dav2_raw_0603/finetune_stf/analysis/lod_true_rgb_raw_panel/0608_193715_planb_block8excl10_best_model_random10_seed42_cross_exp/sample_panels/lod_true_planb_cross_exp_idx0009_lod-0039-0040.png
68,lod-2555-2556,D0,rgb,DAv2-S_RGB_Dark_init,/mnt/drive/9999_backup_from_home_0514/333_cvpr/da_ours/checkpoints/depth_anything_v2_vits.pth,,nan,0.07543219678713137,22.00660340922116,0.13767834827342998,0.9502787272135417,0.9727457682291667,0.9918782552083333,59.6809688476456,86.86930228241178,491520,467081,0.0,0.0,0.02471625618636608,0.01568627543747425,0.125490203499794,0.43921568989753723,/home/caq/6666_raw/dav2_raw_0603/finetune_stf/analysis/lod_true_rgb_raw_panel/0608_193715_planb_block8excl10_best_model_random10_seed42_cross_exp/sample_panels/lod_true_planb_cross_exp_idx0068_lod-2555-2556.png
68,lod-2555-2556,R0,rgb,0608_1509_lod_true_rgb_dark_block8excl10_dav2s_decoder_e40_R0_aug-baseline_e10_poly,/mnt/drive/3333_raw/0000_exp_ckpt/0608_1509_lod_true_rgb_dark_block8excl10_dav2s_decoder_e40_R0_aug-baseline_e10_poly/best_model.pth,30,0.8350636940655152,0.06597101615331677,19.62552322121546,0.1140414410215871,0.9561299641927083,0.9857869466145833,0.9967061360677083,71.49824225143213,65.60699492043649,491520,469957,0.0,0.0,0.02471625618636608,0.01568627543747425,0.125490203499794,0.43921568989753723,/home/caq/6666_raw/dav2_raw_0603/finetune_stf/analysis/lod_true_rgb_raw_panel/0608_193715_planb_block8excl10_best_model_random10_seed42_cross_exp/sample_panels/lod_true_planb_cross_exp_idx0068_lod-2555-2556.png
68,lod-2555-2556,Rg,rgb,0608_1605_lod_true_rgb_dark_block8excl10_dav2s_decoder_e40_Rg_aug-geom_poly,/mnt/drive/3333_raw/0000_exp_ckpt/0608_1605_lod_true_rgb_dark_block8excl10_dav2s_decoder_e40_Rg_aug-geom_poly/best_model.pth,30,0.8338252348611325,0.06531567391026646,20.024075161250067,0.11124138794625976,0.9590047200520834,0.9874369303385416,0.9969889322916666,68.4689730914021,64.63850276638368,491520,471370,0.0,0.0,0.02471625618636608,0.01568627543747425,0.125490203499794,0.43921568989753723,/home/caq/6666_raw/dav2_raw_0603/finetune_stf/analysis/lod_true_rgb_raw_panel/0608_193715_planb_block8excl10_best_model_random10_seed42_cross_exp/sample_panels/lod_true_planb_cross_exp_idx0068_lod-2555-2556.png
68,lod-2555-2556,R1,rgb,0608_1659_lod_true_rgb_dark_block8excl10_dav2s_decoder_e40_R1_aug-medium_poly,/mnt/drive/3333_raw/0000_exp_ckpt/0608_1659_lod_true_rgb_dark_block8excl10_dav2s_decoder_e40_R1_aug-medium_poly/best_model.pth,27,0.833225889823933,0.06709517234947393,20.667167971322126,0.11386668616596057,0.9542948404947916,0.9872273763020833,0.9965067545572917,67.72559553668926,65.93696985284629,491520,469055,0.0,0.0,0.02471625618636608,0.01568627543747425,0.125490203499794,0.43921568989753723,/home/caq/6666_raw/dav2_raw_0603/finetune_stf/analysis/lod_true_rgb_raw_panel/0608_193715_planb_block8excl10_best_model_random10_seed42_cross_exp/sample_panels/lod_true_planb_cross_exp_idx0068_lod-2555-2556.png
68,lod-2555-2556,W0,raw,0608_1739_lod_true_raw_rgb16_block8excl10_ram3_dav2s_decoder_e40_W0_aug-baseline_e10_poly,/mnt/drive/3333_raw/0000_exp_ckpt/0608_1739_lod_true_raw_rgb16_block8excl10_ram3_dav2s_decoder_e40_W0_aug-baseline_e10_poly/best_model.pth,36,0.8298510849415097,0.09043458023100256,27.4547870260122,0.1444691469156851,0.945123291015625,0.9773111979166667,0.9912984212239583,68.93956768267384,65.65494009408727,491520,464547,-2.015625,-1.6640625,-0.37450259923934937,-0.52734375,2.3125,4.1875,/home/caq/6666_raw/dav2_raw_0603/finetune_stf/analysis/lod_true_rgb_raw_panel/0608_193715_planb_block8excl10_best_model_random10_seed42_cross_exp/sample_panels/lod_true_planb_cross_exp_idx0068_lod-2555-2556.png
68,lod-2555-2556,Wg,raw,0608_1811_lod_true_raw_rgb16_block8excl10_ram3_dav2s_decoder_e40_Wg_aug-geom_poly,/mnt/drive/3333_raw/0000_exp_ckpt/0608_1811_lod_true_raw_rgb16_block8excl10_ram3_dav2s_decoder_e40_Wg_aug-geom_poly/best_model.pth,33,0.8257949591604661,0.09085296213577336,28.379877196830247,0.14578868471314615,0.9496500651041667,0.9792439778645833,0.9909138997395833,69.09473453474354,64.21634736229286,491520,466772,-1.796875,-1.3828125,-0.12797918915748596,-0.2890625,2.640625,5.1875,/home/caq/6666_raw/dav2_raw_0603/finetune_stf/analysis/lod_true_rgb_raw_panel/0608_193715_planb_block8excl10_best_model_random10_seed42_cross_exp/sample_panels/lod_true_planb_cross_exp_idx0068_lod-2555-2556.png
68,lod-2555-2556,W1,raw,0608_1844_lod_true_raw_rgb16_block8excl10_ram3_dav2s_decoder_e40_W1_aug-medium_poly,/mnt/drive/3333_raw/0000_exp_ckpt/0608_1844_lod_true_raw_rgb16_block8excl10_ram3_dav2s_decoder_e40_W1_aug-medium_poly/best_model.pth,39,0.8260435275099521,0.08937270773034114,30.334318084814637,0.14276043617462536,0.931195068359375,0.9832539876302083,0.99176025390625,66.44295061772002,63.30558020505959,491520,457701,-1.7421875,-1.328125,-0.14782986044883728,-0.326171875,2.40625,4.28125,/home/caq/6666_raw/dav2_raw_0603/finetune_stf/analysis/lod_true_rgb_raw_panel/0608_193715_planb_block8excl10_best_model_random10_seed42_cross_exp/sample_panels/lod_true_planb_cross_exp_idx0068_lod-2555-2556.png
46,lod-1911-1912,D0,rgb,DAv2-S_RGB_Dark_init,/mnt/drive/9999_backup_from_home_0514/333_cvpr/da_ours/checkpoints/depth_anything_v2_vits.pth,,nan,0.6815558674826505,8.450721158068871,0.24541786440652302,0.9473377484678737,0.9844957445469359,0.9903841446784108,59.66566376468061,-0.2773244956183784,428979,406388,0.0,0.0117647061124444,0.2537018060684204,0.18039216101169586,0.886274516582489,1.0,/home/caq/6666_raw/dav2_raw_0603/finetune_stf/analysis/lod_true_rgb_raw_panel/0608_193715_planb_block8excl10_best_model_random10_seed42_cross_exp/sample_panels/lod_true_planb_cross_exp_idx0046_lod-1911-1912.png
46,lod-1911-1912,R0,rgb,0608_1509_lod_true_rgb_dark_block8excl10_dav2s_decoder_e40_R0_aug-baseline_e10_poly,/mnt/drive/3333_raw/0000_exp_ckpt/0608_1509_lod_true_rgb_dark_block8excl10_dav2s_decoder_e40_R0_aug-baseline_e10_poly/best_model.pth,30,0.8350636940655152,1.1744974604056158,6.660754322611286,0.28314234574147507,0.9189960347709328,0.9623175027215785,0.9813091083712723,74.54552925086995,-22.609897169679655,428979,394230,0.0,0.0117647061124444,0.2537018060684204,0.18039216101169586,0.886274516582489,1.0,/home/caq/6666_raw/dav2_raw_0603/finetune_stf/analysis/lod_true_rgb_raw_panel/0608_193715_planb_block8excl10_best_model_random10_seed42_cross_exp/sample_panels/lod_true_planb_cross_exp_idx0046_lod-1911-1912.png
46,lod-1911-1912,Rg,rgb,0608_1605_lod_true_rgb_dark_block8excl10_dav2s_decoder_e40_Rg_aug-geom_poly,/mnt/drive/3333_raw/0000_exp_ckpt/0608_1605_lod_true_rgb_dark_block8excl10_dav2s_decoder_e40_Rg_aug-geom_poly/best_model.pth,30,0.8338252348611325,1.1132306124629183,6.936237724288084,0.3367749180899671,0.9142312327643078,0.9551749619445241,0.9781621011751158,71.8982134263989,-19.43421022310141,428979,392186,0.0,0.0117647061124444,0.2537018060684204,0.18039216101169586,0.886274516582489,1.0,/home/caq/6666_raw/dav2_raw_0603/finetune_stf/analysis/lod_true_rgb_raw_panel/0608_193715_planb_block8excl10_best_model_random10_seed42_cross_exp/sample_panels/lod_true_planb_cross_exp_idx0046_lod-1911-1912.png
46,lod-1911-1912,R1,rgb,0608_1659_lod_true_rgb_dark_block8excl10_dav2s_decoder_e40_R1_aug-medium_poly,/mnt/drive/3333_raw/0000_exp_ckpt/0608_1659_lod_true_rgb_dark_block8excl10_dav2s_decoder_e40_R1_aug-medium_poly/best_model.pth,27,0.833225889823933,1.3775709995531216,7.981658826631633,0.4668278082057846,0.887313831213183,0.9358686555752146,0.9668165574538614,73.22344787661928,-23.348847367828803,428979,380639,0.0,0.0117647061124444,0.2537018060684204,0.18039216101169586,0.886274516582489,1.0,/home/caq/6666_raw/dav2_raw_0603/finetune_stf/analysis/lod_true_rgb_raw_panel/0608_193715_planb_block8excl10_best_model_random10_seed42_cross_exp/sample_panels/lod_true_planb_cross_exp_idx0046_lod-1911-1912.png
46,lod-1911-1912,W0,raw,0608_1739_lod_true_raw_rgb16_block8excl10_ram3_dav2s_decoder_e40_W0_aug-baseline_e10_poly,/mnt/drive/3333_raw/0000_exp_ckpt/0608_1739_lod_true_raw_rgb16_block8excl10_ram3_dav2s_decoder_e40_W0_aug-baseline_e10_poly/best_model.pth,36,0.8298510849415097,1.2599001917725259,11.453545113265013,0.32569650193852534,0.8801992638334277,0.9329547600232179,0.966842199734719,69.0661540858744,-20.105652640902246,428979,377587,-1.9765625,-1.2890625,1.114233136177063,0.9921875,3.578125,4.6875,/home/caq/6666_raw/dav2_raw_0603/finetune_stf/analysis/lod_true_rgb_raw_panel/0608_193715_planb_block8excl10_best_model_random10_seed42_cross_exp/sample_panels/lod_true_planb_cross_exp_idx0046_lod-1911-1912.png
46,lod-1911-1912,Wg,raw,0608_1811_lod_true_raw_rgb16_block8excl10_ram3_dav2s_decoder_e40_Wg_aug-geom_poly,/mnt/drive/3333_raw/0000_exp_ckpt/0608_1811_lod_true_raw_rgb16_block8excl10_ram3_dav2s_decoder_e40_Wg_aug-geom_poly/best_model.pth,33,0.8257949591604661,1.2577130460539376,12.30578138384517,0.33212795714101034,0.8914469006641351,0.9421999678305931,0.9666673660015992,66.53190648832467,-18.055864625959142,428979,382412,-1.9140625,-1.234375,0.9362459778785706,0.78515625,4.0625,4.78125,/home/caq/6666_raw/dav2_raw_0603/finetune_stf/analysis/lod_true_rgb_raw_panel/0608_193715_planb_block8excl10_best_model_random10_seed42_cross_exp/sample_panels/lod_true_planb_cross_exp_idx0046_lod-1911-1912.png
46,lod-1911-1912,W1,raw,0608_1844_lod_true_raw_rgb16_block8excl10_ram3_dav2s_decoder_e40_W1_aug-medium_poly,/mnt/drive/3333_raw/0000_exp_ckpt/0608_1844_lod_true_raw_rgb16_block8excl10_ram3_dav2s_decoder_e40_W1_aug-medium_poly/best_model.pth,39,0.8260435275099521,1.4964590267913984,12.80944376451351,0.321378627959038,0.8870900440347895,0.9490581124017726,0.9694040967040345,65.33521248491738,-9.952167198627096,428979,380543,-1.65625,-1.109375,1.1482326984405518,0.9375,3.953125,4.5625,/home/caq/6666_raw/dav2_raw_0603/finetune_stf/analysis/lod_true_rgb_raw_panel/0608_193715_planb_block8excl10_best_model_random10_seed42_cross_exp/sample_panels/lod_true_planb_cross_exp_idx0046_lod-1911-1912.png
106,lod-4429-4430,D0,rgb,DAv2-S_RGB_Dark_init,/mnt/drive/9999_backup_from_home_0514/333_cvpr/da_ours/checkpoints/depth_anything_v2_vits.pth,,nan,0.13737416402282926,24.43268263067852,0.12071903248826206,0.9770627774202082,0.993409610221353,0.9979399824617313,62.97913374877484,134.6054101948612,480093,469081,0.0,0.0,0.025671856477856636,0.01568627543747425,0.0784313753247261,0.18431372940540314,/home/caq/6666_raw/dav2_raw_0603/finetune_stf/analysis/lod_true_rgb_raw_panel/0608_193715_planb_block8excl10_best_model_random10_seed42_cross_exp/sample_panels/lod_true_planb_cross_exp_idx0106_lod-4429-4430.png
106,lod-4429-4430,R0,rgb,0608_1509_lod_true_rgb_dark_block8excl10_dav2s_decoder_e40_R0_aug-baseline_e10_poly,/mnt/drive/3333_raw/0000_exp_ckpt/0608_1509_lod_true_rgb_dark_block8excl10_dav2s_decoder_e40_R0_aug-baseline_e10_poly/best_model.pth,30,0.8350636940655152,0.12507613990098104,20.988668546329144,0.11257617110224392,0.9797955812727951,0.9945343922948262,0.9981545242275975,69.3202713336485,117.63109979888078,480093,470393,0.0,0.0,0.025671856477856636,0.01568627543747425,0.0784313753247261,0.18431372940540314,/home/caq/6666_raw/dav2_raw_0603/finetune_stf/analysis/lod_true_rgb_raw_panel/0608_193715_planb_block8excl10_best_model_random10_seed42_cross_exp/sample_panels/lod_true_planb_cross_exp_idx0106_lod-4429-4430.png
106,lod-4429-4430,Rg,rgb,0608_1605_lod_true_rgb_dark_block8excl10_dav2s_decoder_e40_Rg_aug-geom_poly,/mnt/drive/3333_raw/0000_exp_ckpt/0608_1605_lod_true_rgb_dark_block8excl10_dav2s_decoder_e40_Rg_aug-geom_poly/best_model.pth,30,0.8338252348611325,0.1258956419554181,20.784677478166724,0.11215446782034555,0.9799892937410043,0.9947572657797552,0.998225343839631,66.40874251413526,119.05434539467801,480093,470486,0.0,0.0,0.025671856477856636,0.01568627543747425,0.0784313753247261,0.18431372940540314,/home/caq/6666_raw/dav2_raw_0603/finetune_stf/analysis/lod_true_rgb_raw_panel/0608_193715_planb_block8excl10_best_model_random10_seed42_cross_exp/sample_panels/lod_true_planb_cross_exp_idx0106_lod-4429-4430.png
106,lod-4429-4430,R1,rgb,0608_1659_lod_true_rgb_dark_block8excl10_dav2s_decoder_e40_R1_aug-medium_poly,/mnt/drive/3333_raw/0000_exp_ckpt/0608_1659_lod_true_rgb_dark_block8excl10_dav2s_decoder_e40_R1_aug-medium_poly/best_model.pth,27,0.833225889823933,0.13480421718376812,22.253227679153696,0.11532985069164112,0.979566458998569,0.9946406217128765,0.9982690853647106,64.44160048581892,122.24622440378953,480093,470283,0.0,0.0,0.025671856477856636,0.01568627543747425,0.0784313753247261,0.18431372940540314,/home/caq/6666_raw/dav2_raw_0603/finetune_stf/analysis/lod_true_rgb_raw_panel/0608_193715_planb_block8excl10_best_model_random10_seed42_cross_exp/sample_panels/lod_true_planb_cross_exp_idx0106_lod-4429-4430.png
106,lod-4429-4430,W0,raw,0608_1739_lod_true_raw_rgb16_block8excl10_ram3_dav2s_decoder_e40_W0_aug-baseline_e10_poly,/mnt/drive/3333_raw/0000_exp_ckpt/0608_1739_lod_true_raw_rgb16_block8excl10_ram3_dav2s_decoder_e40_W0_aug-baseline_e10_poly/best_model.pth,36,0.8298510849415097,0.12084363778973833,18.442254130074023,0.1083717118597073,0.9799018106908454,0.9962840532980068,0.9984169733780747,69.5136170996222,101.71617661212066,480093,470444,-1.7734375,-1.2578125,0.3508780300617218,0.0274658203125,2.25,4.03125,/home/caq/6666_raw/dav2_raw_0603/finetune_stf/analysis/lod_true_rgb_raw_panel/0608_193715_planb_block8excl10_best_model_random10_seed42_cross_exp/sample_panels/lod_true_planb_cross_exp_idx0106_lod-4429-4430.png
106,lod-4429-4430,Wg,raw,0608_1811_lod_true_raw_rgb16_block8excl10_ram3_dav2s_decoder_e40_Wg_aug-geom_poly,/mnt/drive/3333_raw/0000_exp_ckpt/0608_1811_lod_true_raw_rgb16_block8excl10_ram3_dav2s_decoder_e40_Wg_aug-geom_poly/best_model.pth,33,0.8257949591604661,0.12132643294753544,18.362066321831467,0.10782887702070772,0.980916197486737,0.9962653069301156,0.9984732124817484,66.97421323614837,99.9072782728135,480093,470931,-1.859375,-1.3125,0.32020023465156555,-0.068359375,2.46875,4.46875,/home/caq/6666_raw/dav2_raw_0603/finetune_stf/analysis/lod_true_rgb_raw_panel/0608_193715_planb_block8excl10_best_model_random10_seed42_cross_exp/sample_panels/lod_true_planb_cross_exp_idx0106_lod-4429-4430.png
106,lod-4429-4430,W1,raw,0608_1844_lod_true_raw_rgb16_block8excl10_ram3_dav2s_decoder_e40_W1_aug-medium_poly,/mnt/drive/3333_raw/0000_exp_ckpt/0608_1844_lod_true_raw_rgb16_block8excl10_ram3_dav2s_decoder_e40_W1_aug-medium_poly/best_model.pth,39,0.8260435275099521,0.11629202712340579,18.092324601131725,0.10731191765854112,0.9816598034130887,0.9956050181943915,0.9984690466222169,63.754170338385634,101.80763154401508,480093,471288,-1.7421875,-1.1796875,0.3692173957824707,-0.032958984375,2.375,4.28125,/home/caq/6666_raw/dav2_raw_0603/finetune_stf/analysis/lod_true_rgb_raw_panel/0608_193715_planb_block8excl10_best_model_random10_seed42_cross_exp/sample_panels/lod_true_planb_cross_exp_idx0106_lod-4429-4430.png
76,lod-3171-3172,D0,rgb,DAv2-S_RGB_Dark_init,/mnt/drive/9999_backup_from_home_0514/333_cvpr/da_ours/checkpoints/depth_anything_v2_vits.pth,,nan,0.056349289166004186,13.822867759158175,0.0969826118641224,0.9631266276041667,0.9882914225260416,0.9988688151041667,63.437760341323575,36.72758677685213,491520,473396,0.0,0.0,0.010393529199063778,0.0117647061124444,0.0313725508749485,0.364705890417099,/home/caq/6666_raw/dav2_raw_0603/finetune_stf/analysis/lod_true_rgb_raw_panel/0608_193715_planb_block8excl10_best_model_random10_seed42_cross_exp/sample_panels/lod_true_planb_cross_exp_idx0076_lod-3171-3172.png
76,lod-3171-3172,R0,rgb,0608_1509_lod_true_rgb_dark_block8excl10_dav2s_decoder_e40_R0_aug-baseline_e10_poly,/mnt/drive/3333_raw/0000_exp_ckpt/0608_1509_lod_true_rgb_dark_block8excl10_dav2s_decoder_e40_R0_aug-baseline_e10_poly/best_model.pth,30,0.8350636940655152,0.046480760321410554,11.499374064375527,0.0851614959490649,0.9648600260416667,0.9952433268229167,0.9998779296875,81.80548304363977,-1.805579395550349,491520,474248,0.0,0.0,0.010393529199063778,0.0117647061124444,0.0313725508749485,0.364705890417099,/home/caq/6666_raw/dav2_raw_0603/finetune_stf/analysis/lod_true_rgb_raw_panel/0608_193715_planb_block8excl10_best_model_random10_seed42_cross_exp/sample_panels/lod_true_planb_cross_exp_idx0076_lod-3171-3172.png
76,lod-3171-3172,Rg,rgb,0608_1605_lod_true_rgb_dark_block8excl10_dav2s_decoder_e40_Rg_aug-geom_poly,/mnt/drive/3333_raw/0000_exp_ckpt/0608_1605_lod_true_rgb_dark_block8excl10_dav2s_decoder_e40_Rg_aug-geom_poly/best_model.pth,30,0.8338252348611325,0.04600153050165616,11.505270340186481,0.08403839200442838,0.969415283203125,0.9949117024739583,0.99991455078125,78.9608742091043,1.886167811251309,491520,476487,0.0,0.0,0.010393529199063778,0.0117647061124444,0.0313725508749485,0.364705890417099,/home/caq/6666_raw/dav2_raw_0603/finetune_stf/analysis/lod_true_rgb_raw_panel/0608_193715_planb_block8excl10_best_model_random10_seed42_cross_exp/sample_panels/lod_true_planb_cross_exp_idx0076_lod-3171-3172.png
76,lod-3171-3172,R1,rgb,0608_1659_lod_true_rgb_dark_block8excl10_dav2s_decoder_e40_R1_aug-medium_poly,/mnt/drive/3333_raw/0000_exp_ckpt/0608_1659_lod_true_rgb_dark_block8excl10_dav2s_decoder_e40_R1_aug-medium_poly/best_model.pth,27,0.833225889823933,0.048253142790289756,12.107969697355683,0.0857766395956174,0.9681315104166667,0.9939676920572916,0.9998575846354166,79.78103620440909,4.684250864260866,491520,475856,0.0,0.0,0.010393529199063778,0.0117647061124444,0.0313725508749485,0.364705890417099,/home/caq/6666_raw/dav2_raw_0603/finetune_stf/analysis/lod_true_rgb_raw_panel/0608_193715_planb_block8excl10_best_model_random10_seed42_cross_exp/sample_panels/lod_true_planb_cross_exp_idx0076_lod-3171-3172.png
76,lod-3171-3172,W0,raw,0608_1739_lod_true_raw_rgb16_block8excl10_ram3_dav2s_decoder_e40_W0_aug-baseline_e10_poly,/mnt/drive/3333_raw/0000_exp_ckpt/0608_1739_lod_true_raw_rgb16_block8excl10_ram3_dav2s_decoder_e40_W0_aug-baseline_e10_poly/best_model.pth,36,0.8298510849415097,0.042787620706587266,11.198627170038357,0.08524943059023854,0.9670694986979167,0.9896036783854166,1.0,76.83349183211254,5.767752754886235,491520,475334,-1.546875,-0.9609375,0.43490099906921387,0.5546875,2.140625,4.21875,/home/caq/6666_raw/dav2_raw_0603/finetune_stf/analysis/lod_true_rgb_raw_panel/0608_193715_planb_block8excl10_best_model_random10_seed42_cross_exp/sample_panels/lod_true_planb_cross_exp_idx0076_lod-3171-3172.png
76,lod-3171-3172,Wg,raw,0608_1811_lod_true_raw_rgb16_block8excl10_ram3_dav2s_decoder_e40_Wg_aug-geom_poly,/mnt/drive/3333_raw/0000_exp_ckpt/0608_1811_lod_true_raw_rgb16_block8excl10_ram3_dav2s_decoder_e40_Wg_aug-geom_poly/best_model.pth,33,0.8257949591604661,0.04613046619790189,11.87036424856697,0.08638995561820784,0.9715535481770833,0.9894185384114583,1.0,73.91071349672197,8.047173304106805,491520,477538,-1.9453125,-1.296875,0.08538534492254257,0.1826171875,1.8203125,4.65625,/home/caq/6666_raw/dav2_raw_0603/finetune_stf/analysis/lod_true_rgb_raw_panel/0608_193715_planb_block8excl10_best_model_random10_seed42_cross_exp/sample_panels/lod_true_planb_cross_exp_idx0076_lod-3171-3172.png
76,lod-3171-3172,W1,raw,0608_1844_lod_true_raw_rgb16_block8excl10_ram3_dav2s_decoder_e40_W1_aug-medium_poly,/mnt/drive/3333_raw/0000_exp_ckpt/0608_1844_lod_true_raw_rgb16_block8excl10_ram3_dav2s_decoder_e40_W1_aug-medium_poly/best_model.pth,39,0.8260435275099521,0.04160766568686944,11.213345652602758,0.08234275290830063,0.9718221028645834,0.9897216796875,0.9999959309895833,73.41489980066855,7.490077993057511,491520,477670,-1.5703125,-1.03125,0.19202876091003418,0.326171875,1.7421875,4.15625,/home/caq/6666_raw/dav2_raw_0603/finetune_stf/analysis/lod_true_rgb_raw_panel/0608_193715_planb_block8excl10_best_model_random10_seed42_cross_exp/sample_panels/lod_true_planb_cross_exp_idx0076_lod-3171-3172.png
10,lod-0041-0042,D0,rgb,DAv2-S_RGB_Dark_init,/mnt/drive/9999_backup_from_home_0514/333_cvpr/da_ours/checkpoints/depth_anything_v2_vits.pth,,nan,0.4693539171755806,57.973803923562464,0.47990508070692894,0.4578633626302083,0.7779195149739583,0.8828531901041666,70.65672505708355,-22.532879545004835,491520,225049,0.0,0.0,0.007871813140809536,0.007843137718737125,0.0235294122248888,0.0784313753247261,/home/caq/6666_raw/dav2_raw_0603/finetune_stf/analysis/lod_true_rgb_raw_panel/0608_193715_planb_block8excl10_best_model_random10_seed42_cross_exp/sample_panels/lod_true_planb_cross_exp_idx0010_lod-0041-0042.png
10,lod-0041-0042,R0,rgb,0608_1509_lod_true_rgb_dark_block8excl10_dav2s_decoder_e40_R0_aug-baseline_e10_poly,/mnt/drive/3333_raw/0000_exp_ckpt/0608_1509_lod_true_rgb_dark_block8excl10_dav2s_decoder_e40_R0_aug-baseline_e10_poly/best_model.pth,30,0.8350636940655152,0.5102058676077056,58.32369104787214,0.49593131305156624,0.3808817545572917,0.750201416015625,0.8610026041666666,81.9303175210143,-38.07101296679717,491520,187211,0.0,0.0,0.007871813140809536,0.007843137718737125,0.0235294122248888,0.0784313753247261,/home/caq/6666_raw/dav2_raw_0603/finetune_stf/analysis/lod_true_rgb_raw_panel/0608_193715_planb_block8excl10_best_model_random10_seed42_cross_exp/sample_panels/lod_true_planb_cross_exp_idx0010_lod-0041-0042.png
10,lod-0041-0042,Rg,rgb,0608_1605_lod_true_rgb_dark_block8excl10_dav2s_decoder_e40_Rg_aug-geom_poly,/mnt/drive/3333_raw/0000_exp_ckpt/0608_1605_lod_true_rgb_dark_block8excl10_dav2s_decoder_e40_Rg_aug-geom_poly/best_model.pth,30,0.8338252348611325,0.5109628754150298,58.92080980431292,0.49929767870086167,0.39013875325520836,0.7460591634114583,0.858392333984375,81.5071109802421,-42.534982341369904,491520,191761,0.0,0.0,0.007871813140809536,0.007843137718737125,0.0235294122248888,0.0784313753247261,/home/caq/6666_raw/dav2_raw_0603/finetune_stf/analysis/lod_true_rgb_raw_panel/0608_193715_planb_block8excl10_best_model_random10_seed42_cross_exp/sample_panels/lod_true_planb_cross_exp_idx0010_lod-0041-0042.png
10,lod-0041-0042,R1,rgb,0608_1659_lod_true_rgb_dark_block8excl10_dav2s_decoder_e40_R1_aug-medium_poly,/mnt/drive/3333_raw/0000_exp_ckpt/0608_1659_lod_true_rgb_dark_block8excl10_dav2s_decoder_e40_R1_aug-medium_poly/best_model.pth,27,0.833225889823933,0.47388600363595285,56.99075589324594,0.49365366402099176,0.45296834309895834,0.7633707682291667,0.861407470703125,88.28895880872017,-55.53204360022505,491520,222643,0.0,0.0,0.007871813140809536,0.007843137718737125,0.0235294122248888,0.0784313753247261,/home/caq/6666_raw/dav2_raw_0603/finetune_stf/analysis/lod_true_rgb_raw_panel/0608_193715_planb_block8excl10_best_model_random10_seed42_cross_exp/sample_panels/lod_true_planb_cross_exp_idx0010_lod-0041-0042.png
10,lod-0041-0042,W0,raw,0608_1739_lod_true_raw_rgb16_block8excl10_ram3_dav2s_decoder_e40_W0_aug-baseline_e10_poly,/mnt/drive/3333_raw/0000_exp_ckpt/0608_1739_lod_true_raw_rgb16_block8excl10_ram3_dav2s_decoder_e40_W0_aug-baseline_e10_poly/best_model.pth,36,0.8298510849415097,0.4816248493085783,56.07954809180427,0.48650356835258063,0.44113566080729166,0.7183675130208333,0.8773783365885417,75.42677640783377,-35.36336417303275,491520,216827,-1.265625,-0.55859375,0.09527231752872467,0.0888671875,0.76171875,1.375,/home/caq/6666_raw/dav2_raw_0603/finetune_stf/analysis/lod_true_rgb_raw_panel/0608_193715_planb_block8excl10_best_model_random10_seed42_cross_exp/sample_panels/lod_true_planb_cross_exp_idx0010_lod-0041-0042.png
10,lod-0041-0042,Wg,raw,0608_1811_lod_true_raw_rgb16_block8excl10_ram3_dav2s_decoder_e40_Wg_aug-geom_poly,/mnt/drive/3333_raw/0000_exp_ckpt/0608_1811_lod_true_raw_rgb16_block8excl10_ram3_dav2s_decoder_e40_Wg_aug-geom_poly/best_model.pth,33,0.8257949591604661,0.5130111230519332,55.944644164868514,0.5566134290961975,0.40752766927083334,0.7016276041666667,0.8522481282552083,72.94334343755028,-58.9320946193092,491520,200308,-2.015625,-1.171875,-0.4409675896167755,-0.451171875,0.302734375,1.1484375,/home/caq/6666_raw/dav2_raw_0603/finetune_stf/analysis/lod_true_rgb_raw_panel/0608_193715_planb_block8excl10_best_model_random10_seed42_cross_exp/sample_panels/lod_true_planb_cross_exp_idx0010_lod-0041-0042.png
10,lod-0041-0042,W1,raw,0608_1844_lod_true_raw_rgb16_block8excl10_ram3_dav2s_decoder_e40_W1_aug-medium_poly,/mnt/drive/3333_raw/0000_exp_ckpt/0608_1844_lod_true_raw_rgb16_block8excl10_ram3_dav2s_decoder_e40_W1_aug-medium_poly/best_model.pth,39,0.8260435275099521,0.6679227589139809,66.64353849969578,0.5857759909466383,0.30258585611979166,0.6228841145833334,0.7873372395833333,59.286805370665355,-14.5423092916796,491520,148727,-1.4453125,-0.828125,-0.18208323419094086,-0.197265625,0.486328125,1.0625,/home/caq/6666_raw/dav2_raw_0603/finetune_stf/analysis/lod_true_rgb_raw_panel/0608_193715_planb_block8excl10_best_model_random10_seed42_cross_exp/sample_panels/lod_true_planb_cross_exp_idx0010_lod-0041-0042.png
22,lod-0665-0666,D0,rgb,DAv2-S_RGB_Dark_init,/mnt/drive/9999_backup_from_home_0514/333_cvpr/da_ours/checkpoints/depth_anything_v2_vits.pth,,nan,0.2472677644755859,67.51997886796516,3.2113414825922444,0.7342610677083333,0.7999674479166666,0.8420694986979167,42.85442176942716,-9.062153327059868,491520,360904,0.0,0.0,0.02920471876859665,0.01568627543747425,0.13333334028720856,0.5254902243614197,/home/caq/6666_raw/dav2_raw_0603/finetune_stf/analysis/lod_true_rgb_raw_panel/0608_193715_planb_block8excl10_best_model_random10_seed42_cross_exp/sample_panels/lod_true_planb_cross_exp_idx0022_lod-0665-0666.png
22,lod-0665-0666,R0,rgb,0608_1509_lod_true_rgb_dark_block8excl10_dav2s_decoder_e40_R0_aug-baseline_e10_poly,/mnt/drive/3333_raw/0000_exp_ckpt/0608_1509_lod_true_rgb_dark_block8excl10_dav2s_decoder_e40_R0_aug-baseline_e10_poly/best_model.pth,30,0.8350636940655152,0.27471778993369067,56.91007860241349,4.965806028360839,0.6919453938802084,0.7918172200520833,0.843670654296875,55.64512130769557,-37.58997768127267,491520,340105,0.0,0.0,0.02920471876859665,0.01568627543747425,0.13333334028720856,0.5254902243614197,/home/caq/6666_raw/dav2_raw_0603/finetune_stf/analysis/lod_true_rgb_raw_panel/0608_193715_planb_block8excl10_best_model_random10_seed42_cross_exp/sample_panels/lod_true_planb_cross_exp_idx0022_lod-0665-0666.png
22,lod-0665-0666,Rg,rgb,0608_1605_lod_true_rgb_dark_block8excl10_dav2s_decoder_e40_Rg_aug-geom_poly,/mnt/drive/3333_raw/0000_exp_ckpt/0608_1605_lod_true_rgb_dark_block8excl10_dav2s_decoder_e40_Rg_aug-geom_poly/best_model.pth,30,0.8338252348611325,0.26827052061046075,58.25659024115381,4.82945765505341,0.7080851236979167,0.8028788248697917,0.8474833170572916,52.74443130887608,-35.57020841898857,491520,348038,0.0,0.0,0.02920471876859665,0.01568627543747425,0.13333334028720856,0.5254902243614197,/home/caq/6666_raw/dav2_raw_0603/finetune_stf/analysis/lod_true_rgb_raw_panel/0608_193715_planb_block8excl10_best_model_random10_seed42_cross_exp/sample_panels/lod_true_planb_cross_exp_idx0022_lod-0665-0666.png
22,lod-0665-0666,R1,rgb,0608_1659_lod_true_rgb_dark_block8excl10_dav2s_decoder_e40_R1_aug-medium_poly,/mnt/drive/3333_raw/0000_exp_ckpt/0608_1659_lod_true_rgb_dark_block8excl10_dav2s_decoder_e40_R1_aug-medium_poly/best_model.pth,27,0.833225889823933,0.26412792597855106,60.445903718843645,4.665374191002953,0.7099833170572917,0.8119344075520833,0.8482991536458333,53.6660672943958,-36.20206751284782,491520,348971,0.0,0.0,0.02920471876859665,0.01568627543747425,0.13333334028720856,0.5254902243614197,/home/caq/6666_raw/dav2_raw_0603/finetune_stf/analysis/lod_true_rgb_raw_panel/0608_193715_planb_block8excl10_best_model_random10_seed42_cross_exp/sample_panels/lod_true_planb_cross_exp_idx0022_lod-0665-0666.png
22,lod-0665-0666,W0,raw,0608_1739_lod_true_raw_rgb16_block8excl10_ram3_dav2s_decoder_e40_W0_aug-baseline_e10_poly,/mnt/drive/3333_raw/0000_exp_ckpt/0608_1739_lod_true_raw_rgb16_block8excl10_ram3_dav2s_decoder_e40_W0_aug-baseline_e10_poly/best_model.pth,36,0.8298510849415097,0.23991978310357612,54.05883211600627,4.325960171805114,0.6848653157552084,0.8064860026041667,0.86290283203125,53.45853602914622,-37.51946381890237,491520,336625,-1.5703125,-0.99609375,0.1164349839091301,-0.1796875,2.40625,3.8125,/home/caq/6666_raw/dav2_raw_0603/finetune_stf/analysis/lod_true_rgb_raw_panel/0608_193715_planb_block8excl10_best_model_random10_seed42_cross_exp/sample_panels/lod_true_planb_cross_exp_idx0022_lod-0665-0666.png
22,lod-0665-0666,Wg,raw,0608_1811_lod_true_raw_rgb16_block8excl10_ram3_dav2s_decoder_e40_Wg_aug-geom_poly,/mnt/drive/3333_raw/0000_exp_ckpt/0608_1811_lod_true_raw_rgb16_block8excl10_ram3_dav2s_decoder_e40_Wg_aug-geom_poly/best_model.pth,33,0.8257949591604661,0.19798457470281908,69.39484159983702,2.242997649476406,0.7114888509114583,0.8594645182291667,0.8978678385416666,42.48877219251861,-12.11066068328117,491520,349711,-1.7890625,-1.1484375,-0.13405577838420868,-0.435546875,2.1875,3.53125,/home/caq/6666_raw/dav2_raw_0603/finetune_stf/analysis/lod_true_rgb_raw_panel/0608_193715_planb_block8excl10_best_model_random10_seed42_cross_exp/sample_panels/lod_true_planb_cross_exp_idx0022_lod-0665-0666.png
22,lod-0665-0666,W1,raw,0608_1844_lod_true_raw_rgb16_block8excl10_ram3_dav2s_decoder_e40_W1_aug-medium_poly,/mnt/drive/3333_raw/0000_exp_ckpt/0608_1844_lod_true_raw_rgb16_block8excl10_ram3_dav2s_decoder_e40_W1_aug-medium_poly/best_model.pth,39,0.8260435275099521,0.22024003373191225,61.88882911053371,3.4901220836702205,0.690545654296875,0.83555908203125,0.8716084798177083,44.74117583913982,-23.04213859922922,491520,339417,-1.46875,-1.0078125,0.01003608200699091,-0.3046875,2.28125,3.859375,/home/caq/6666_raw/dav2_raw_0603/finetune_stf/analysis/lod_true_rgb_raw_panel/0608_193715_planb_block8excl10_best_model_random10_seed42_cross_exp/sample_panels/lod_true_planb_cross_exp_idx0022_lod-0665-0666.png
92,lod-3801-3802,D0,rgb,DAv2-S_RGB_Dark_init,/mnt/drive/9999_backup_from_home_0514/333_cvpr/da_ours/checkpoints/depth_anything_v2_vits.pth,,nan,0.18650778129813256,33.38207542270254,0.2781472408288531,0.8123026529947917,0.91077880859375,0.9428202311197916,59.55270463174617,43.825841947992345,491520,399263,0.0,0.0,0.004290248267352581,0.003921568859368563,0.0235294122248888,1.0,/home/caq/6666_raw/dav2_raw_0603/finetune_stf/analysis/lod_true_rgb_raw_panel/0608_193715_planb_block8excl10_best_model_random10_seed42_cross_exp/sample_panels/lod_true_planb_cross_exp_idx0092_lod-3801-3802.png
92,lod-3801-3802,R0,rgb,0608_1509_lod_true_rgb_dark_block8excl10_dav2s_decoder_e40_R0_aug-baseline_e10_poly,/mnt/drive/3333_raw/0000_exp_ckpt/0608_1509_lod_true_rgb_dark_block8excl10_dav2s_decoder_e40_R0_aug-baseline_e10_poly/best_model.pth,30,0.8350636940655152,0.141432973703891,30.161364525443407,0.2204889213446025,0.8364522298177083,0.94154052734375,0.9685201009114583,73.36476370263532,9.542238920288534,491520,411133,0.0,0.0,0.004290248267352581,0.003921568859368563,0.0235294122248888,1.0,/home/caq/6666_raw/dav2_raw_0603/finetune_stf/analysis/lod_true_rgb_raw_panel/0608_193715_planb_block8excl10_best_model_random10_seed42_cross_exp/sample_panels/lod_true_planb_cross_exp_idx0092_lod-3801-3802.png
92,lod-3801-3802,Rg,rgb,0608_1605_lod_true_rgb_dark_block8excl10_dav2s_decoder_e40_Rg_aug-geom_poly,/mnt/drive/3333_raw/0000_exp_ckpt/0608_1605_lod_true_rgb_dark_block8excl10_dav2s_decoder_e40_Rg_aug-geom_poly/best_model.pth,30,0.8338252348611325,0.14200324577088436,30.03246707566133,0.22356793646493792,0.8359639485677083,0.9399495442708333,0.967449951171875,70.8916141397185,10.873708929127249,491520,410893,0.0,0.0,0.004290248267352581,0.003921568859368563,0.0235294122248888,1.0,/home/caq/6666_raw/dav2_raw_0603/finetune_stf/analysis/lod_true_rgb_raw_panel/0608_193715_planb_block8excl10_best_model_random10_seed42_cross_exp/sample_panels/lod_true_planb_cross_exp_idx0092_lod-3801-3802.png
92,lod-3801-3802,R1,rgb,0608_1659_lod_true_rgb_dark_block8excl10_dav2s_decoder_e40_R1_aug-medium_poly,/mnt/drive/3333_raw/0000_exp_ckpt/0608_1659_lod_true_rgb_dark_block8excl10_dav2s_decoder_e40_R1_aug-medium_poly/best_model.pth,27,0.833225889823933,0.1504174331413936,30.355598278603694,0.22880153570298484,0.8468709309895833,0.9392781575520833,0.9639078776041666,71.3662679589937,9.14095656765308,491520,416254,0.0,0.0,0.004290248267352581,0.003921568859368563,0.0235294122248888,1.0,/home/caq/6666_raw/dav2_raw_0603/finetune_stf/analysis/lod_true_rgb_raw_panel/0608_193715_planb_block8excl10_best_model_random10_seed42_cross_exp/sample_panels/lod_true_planb_cross_exp_idx0092_lod-3801-3802.png
92,lod-3801-3802,W0,raw,0608_1739_lod_true_raw_rgb16_block8excl10_ram3_dav2s_decoder_e40_W0_aug-baseline_e10_poly,/mnt/drive/3333_raw/0000_exp_ckpt/0608_1739_lod_true_raw_rgb16_block8excl10_ram3_dav2s_decoder_e40_W0_aug-baseline_e10_poly/best_model.pth,36,0.8298510849415097,0.16072298639968075,33.050964719125346,0.22934141634885344,0.842779541015625,0.94595947265625,0.9704060872395833,70.22504001475464,17.85106577456817,491520,414243,-1.3828125,-0.7265625,-0.06759878993034363,-0.134765625,1.0390625,4.25,/home/caq/6666_raw/dav2_raw_0603/finetune_stf/analysis/lod_true_rgb_raw_panel/0608_193715_planb_block8excl10_best_model_random10_seed42_cross_exp/sample_panels/lod_true_planb_cross_exp_idx0092_lod-3801-3802.png
92,lod-3801-3802,Wg,raw,0608_1811_lod_true_raw_rgb16_block8excl10_ram3_dav2s_decoder_e40_Wg_aug-geom_poly,/mnt/drive/3333_raw/0000_exp_ckpt/0608_1811_lod_true_raw_rgb16_block8excl10_ram3_dav2s_decoder_e40_Wg_aug-geom_poly/best_model.pth,33,0.8257949591604661,0.16521257382691404,33.99348289720064,0.2344038146862162,0.8229207356770833,0.9440958658854167,0.9680460611979167,66.76809824584033,19.287492440134397,491520,404482,-2.0,-1.0546875,-0.13122953474521637,-0.19140625,1.2578125,4.96875,/home/caq/6666_raw/dav2_raw_0603/finetune_stf/analysis/lod_true_rgb_raw_panel/0608_193715_planb_block8excl10_best_model_random10_seed42_cross_exp/sample_panels/lod_true_planb_cross_exp_idx0092_lod-3801-3802.png
92,lod-3801-3802,W1,raw,0608_1844_lod_true_raw_rgb16_block8excl10_ram3_dav2s_decoder_e40_W1_aug-medium_poly,/mnt/drive/3333_raw/0000_exp_ckpt/0608_1844_lod_true_raw_rgb16_block8excl10_ram3_dav2s_decoder_e40_W1_aug-medium_poly/best_model.pth,39,0.8260435275099521,0.12031740144047605,30.50052916505225,0.1838684239731903,0.868353271484375,0.9705790201822917,0.9849853515625,62.6527684373907,10.08889662383895,491520,426813,-1.6328125,-0.91015625,-0.09725472331047058,-0.1767578125,1.2734375,5.96875,/home/caq/6666_raw/dav2_raw_0603/finetune_stf/analysis/lod_true_rgb_raw_panel/0608_193715_planb_block8excl10_best_model_random10_seed42_cross_exp/sample_panels/lod_true_planb_cross_exp_idx0092_lod-3801-3802.png
