panel_path,summary_path,row,kind,experiment,checkpoint,sample_index,sample_name,abs_rel,rmse,silog,d1,d2,d3,align_scale,align_shift,valid_pixels,d1_pass_pixels,x3_min,x3_p01,x3_mean,x3_p50,x3_p99,x3_max
/home/caq/6666_raw/dav2_raw_0603/finetune_stf/analysis/rod_raw_four_exp_panel/0608_201732_random10_seed42_fixed_backbone_input/sample_panels/rod_raw_four_exp_panel_idx0171_night-06181.png,/home/caq/6666_raw/dav2_raw_0603/finetune_stf/analysis/rod_raw_four_exp_panel/0608_201732_random10_seed42_fixed_backbone_input/metadata/sample_0171/summary.json,1,student_rgb_dav2s_init,DAv2-S student RGB init,/home/caq/333_cvpr/da_ours/checkpoints/depth_anything_v2_vits.pth,171,night-06181,0.96958467004675,27.80775450243681,3.6133332021336098,0.8267639259797491,0.8821328476658709,0.9088099574411868,58.926095518581306,-8.735261798328152,423884,350452,-2.1179039478302,-2.1179039478302,-1.94034743309021,-2.018207311630249,-1.492997169494629,2.640000104904175
/home/caq/6666_raw/dav2_raw_0603/finetune_stf/analysis/rod_raw_four_exp_panel/0608_201732_random10_seed42_fixed_backbone_input/sample_panels/rod_raw_four_exp_panel_idx0171_night-06181.png,/home/caq/6666_raw/dav2_raw_0603/finetune_stf/analysis/rod_raw_four_exp_panel/0608_201732_random10_seed42_fixed_backbone_input/metadata/sample_0171/summary.json,2,raw_ram_final,0605_1332_rod_night_rawram3_identity_dav2s_ram_decoder_e5,/mnt/drive/3333_raw/0000_exp_ckpt/0605_1332_rod_night_rawram3_identity_dav2s_ram_decoder_e5/last_epoch_model.pth,171,night-06181,0.4123698685003535,16.12300808942305,0.18480368396654603,0.9157363807079295,0.9733936643043851,0.9874965792528144,68.4103150618299,-0.4667940552350431,423884,388166,-21.875,-1.0703125,0.017640748992562294,-0.10986328125,2.921875,37.0
/home/caq/6666_raw/dav2_raw_0603/finetune_stf/analysis/rod_raw_four_exp_panel/0608_201732_random10_seed42_fixed_backbone_input/sample_panels/rod_raw_four_exp_panel_idx0171_night-06181.png,/home/caq/6666_raw/dav2_raw_0603/finetune_stf/analysis/rod_raw_four_exp_panel/0608_201732_random10_seed42_fixed_backbone_input/metadata/sample_0171/summary.json,3,raw_ram_final,0605_1844_rod_night_rawram3_identity_dav2s_ram_lora_tap_r8a16_decoder_e5,/mnt/drive/3333_raw/0000_exp_ckpt/0605_1844_rod_night_rawram3_identity_dav2s_ram_lora_tap_r8a16_decoder_e5/last_epoch_model.pth,171,night-06181,0.32910997400938796,13.390822359389071,0.1655162890636736,0.9308230553642034,0.9800110407564334,0.9936303328269055,54.18788557978819,6.66640124866854,423884,394561,-16.5,-1.03125,0.23326075077056885,0.07421875,2.953125,85.5
/home/caq/6666_raw/dav2_raw_0603/finetune_stf/analysis/rod_raw_four_exp_panel/0608_201732_random10_seed42_fixed_backbone_input/sample_panels/rod_raw_four_exp_panel_idx0171_night-06181.png,/home/caq/6666_raw/dav2_raw_0603/finetune_stf/analysis/rod_raw_four_exp_panel/0608_201732_random10_seed42_fixed_backbone_input/metadata/sample_0171/summary.json,4,raw_ram_final,0606_0330_rod_night_rawram3_identity_dav2s_ram_backbone_ld09_decoder_e10,/mnt/drive/3333_raw/0000_exp_ckpt/0606_0330_rod_night_rawram3_identity_dav2s_ram_backbone_ld09_decoder_e10/last_epoch_model.pth,171,night-06181,0.23833575305284807,8.355281869542036,0.14357591258072308,0.9488916779118816,0.9887752309594134,0.9962324598239141,47.858359794069266,4.644352191902885,423884,402220,-4.5,-0.69140625,0.3900914788246155,0.2138671875,2.796875,86.5
/home/caq/6666_raw/dav2_raw_0603/finetune_stf/analysis/rod_raw_four_exp_panel/0608_201732_random10_seed42_fixed_backbone_input/sample_panels/rod_raw_four_exp_panel_idx0171_night-06181.png,/home/caq/6666_raw/dav2_raw_0603/finetune_stf/analysis/rod_raw_four_exp_panel/0608_201732_random10_seed42_fixed_backbone_input/metadata/sample_0171/summary.json,5,raw_ram_final,0606_1431_rod_night_rawram3_identity_dav2s_ram_backbone_lowlr_ld09_e10,/mnt/drive/3333_raw/0000_exp_ckpt/0606_1431_rod_night_rawram3_identity_dav2s_ram_backbone_lowlr_ld09_e10/last_epoch_model.pth,171,night-06181,0.21721277382728854,8.416767301077403,0.15111613222885642,0.9307593586924725,0.9835450264695058,0.9949089845335044,52.855339633083844,1.99311174429472,423884,394534,-5.4375,-1.1640625,-0.12758344411849976,-0.34765625,3.109375,39.75
/home/caq/6666_raw/dav2_raw_0603/finetune_stf/analysis/rod_raw_four_exp_panel/0608_201732_random10_seed42_fixed_backbone_input/sample_panels/rod_raw_four_exp_panel_idx1541_night-07551.png,/home/caq/6666_raw/dav2_raw_0603/finetune_stf/analysis/rod_raw_four_exp_panel/0608_201732_random10_seed42_fixed_backbone_input/metadata/sample_1541/summary.json,1,student_rgb_dav2s_init,DAv2-S student RGB init,/home/caq/333_cvpr/da_ours/checkpoints/depth_anything_v2_vits.pth,1541,night-07551,0.40322126746546316,71.30895664918897,5.400617877626701,0.32634990600894537,0.6702815410211533,0.768339059225168,45.02134114223614,-28.061967453632995,462810,151038,-2.1179039478302,-2.1007790565490723,-1.833029866218567,-1.8952821493148804,-0.3403921127319336,2.640000104904175
/home/caq/6666_raw/dav2_raw_0603/finetune_stf/analysis/rod_raw_four_exp_panel/0608_201732_random10_seed42_fixed_backbone_input/sample_panels/rod_raw_four_exp_panel_idx1541_night-07551.png,/home/caq/6666_raw/dav2_raw_0603/finetune_stf/analysis/rod_raw_four_exp_panel/0608_201732_random10_seed42_fixed_backbone_input/metadata/sample_1541/summary.json,2,raw_ram_final,0605_1332_rod_night_rawram3_identity_dav2s_ram_decoder_e5,/mnt/drive/3333_raw/0000_exp_ckpt/0605_1332_rod_night_rawram3_identity_dav2s_ram_decoder_e5/last_epoch_model.pth,1541,night-07551,0.3744188331694884,65.3614496623349,5.986896248519586,0.4117607657570061,0.7159417471532594,0.7740692724876299,67.41489013215988,-36.442826544724596,462810,190567,-18.625,-0.8046875,0.7345384955406189,0.72265625,2.765625,18.375
/home/caq/6666_raw/dav2_raw_0603/finetune_stf/analysis/rod_raw_four_exp_panel/0608_201732_random10_seed42_fixed_backbone_input/sample_panels/rod_raw_four_exp_panel_idx1541_night-07551.png,/home/caq/6666_raw/dav2_raw_0603/finetune_stf/analysis/rod_raw_four_exp_panel/0608_201732_random10_seed42_fixed_backbone_input/metadata/sample_1541/summary.json,3,raw_ram_final,0605_1844_rod_night_rawram3_identity_dav2s_ram_lora_tap_r8a16_decoder_e5,/mnt/drive/3333_raw/0000_exp_ckpt/0605_1844_rod_night_rawram3_identity_dav2s_ram_lora_tap_r8a16_decoder_e5/last_epoch_model.pth,1541,night-07551,0.3797956358192203,70.71458178946837,5.857825523725582,0.3945225902638232,0.6952572329897798,0.7653745597545429,48.86453613333728,-28.717516089580563,462810,182589,-12.5,-0.60546875,0.6150552034378052,0.58984375,2.90625,37.0
/home/caq/6666_raw/dav2_raw_0603/finetune_stf/analysis/rod_raw_four_exp_panel/0608_201732_random10_seed42_fixed_backbone_input/sample_panels/rod_raw_four_exp_panel_idx1541_night-07551.png,/home/caq/6666_raw/dav2_raw_0603/finetune_stf/analysis/rod_raw_four_exp_panel/0608_201732_random10_seed42_fixed_backbone_input/metadata/sample_1541/summary.json,4,raw_ram_final,0606_0330_rod_night_rawram3_identity_dav2s_ram_backbone_ld09_decoder_e10,/mnt/drive/3333_raw/0000_exp_ckpt/0606_0330_rod_night_rawram3_identity_dav2s_ram_backbone_ld09_decoder_e10/last_epoch_model.pth,1541,night-07551,0.37073908277046713,70.91890251953329,5.398527829871606,0.37921825371102613,0.6868153237829779,0.7773427540459368,39.11705562166855,-27.618961903509696,462810,175506,-4.0625,-0.73828125,0.38780102133750916,0.341796875,2.359375,38.25
/home/caq/6666_raw/dav2_raw_0603/finetune_stf/analysis/rod_raw_four_exp_panel/0608_201732_random10_seed42_fixed_backbone_input/sample_panels/rod_raw_four_exp_panel_idx1541_night-07551.png,/home/caq/6666_raw/dav2_raw_0603/finetune_stf/analysis/rod_raw_four_exp_panel/0608_201732_random10_seed42_fixed_backbone_input/metadata/sample_1541/summary.json,5,raw_ram_final,0606_1431_rod_night_rawram3_identity_dav2s_ram_backbone_lowlr_ld09_e10,/mnt/drive/3333_raw/0000_exp_ckpt/0606_1431_rod_night_rawram3_identity_dav2s_ram_backbone_lowlr_ld09_e10/last_epoch_model.pth,1541,night-07551,0.38970242350449,65.19869390915369,6.098603777393525,0.4063092845876278,0.6860914846265206,0.7409001534106869,48.20670515902321,-28.98597925044624,462810,188044,-5.625,-0.6953125,0.6224607825279236,0.546875,3.359375,19.375
/home/caq/6666_raw/dav2_raw_0603/finetune_stf/analysis/rod_raw_four_exp_panel/0608_201732_random10_seed42_fixed_backbone_input/sample_panels/rod_raw_four_exp_panel_idx0177_night-06187.png,/home/caq/6666_raw/dav2_raw_0603/finetune_stf/analysis/rod_raw_four_exp_panel/0608_201732_random10_seed42_fixed_backbone_input/metadata/sample_0177/summary.json,1,student_rgb_dav2s_init,DAv2-S student RGB init,/home/caq/333_cvpr/da_ours/checkpoints/depth_anything_v2_vits.pth,177,night-06187,1.3863757273341244,17.344311568697265,0.29518078292859146,0.8577509419280859,0.9507125890736342,0.9752487918748465,50.48931187598261,6.059543938782246,390688,335113,-2.1179039478302,-2.1179039478302,-1.9501843452453613,-2.018207311630249,-1.6127233505249023,2.640000104904175
/home/caq/6666_raw/dav2_raw_0603/finetune_stf/analysis/rod_raw_four_exp_panel/0608_201732_random10_seed42_fixed_backbone_input/sample_panels/rod_raw_four_exp_panel_idx0177_night-06187.png,/home/caq/6666_raw/dav2_raw_0603/finetune_stf/analysis/rod_raw_four_exp_panel/0608_201732_random10_seed42_fixed_backbone_input/metadata/sample_0177/summary.json,2,raw_ram_final,0605_1332_rod_night_rawram3_identity_dav2s_ram_decoder_e5,/mnt/drive/3333_raw/0000_exp_ckpt/0605_1332_rod_night_rawram3_identity_dav2s_ram_decoder_e5/last_epoch_model.pth,177,night-06187,0.5329937682046066,12.640358559362104,0.2247265008439474,0.9315873535916127,0.9691416168400361,0.9853693996232288,61.36314808110491,0.9246064735819077,390688,363960,-21.25,-1.046875,-0.0893837958574295,-0.3359375,2.859375,28.25
/home/caq/6666_raw/dav2_raw_0603/finetune_stf/analysis/rod_raw_four_exp_panel/0608_201732_random10_seed42_fixed_backbone_input/sample_panels/rod_raw_four_exp_panel_idx0177_night-06187.png,/home/caq/6666_raw/dav2_raw_0603/finetune_stf/analysis/rod_raw_four_exp_panel/0608_201732_random10_seed42_fixed_backbone_input/metadata/sample_0177/summary.json,3,raw_ram_final,0605_1844_rod_night_rawram3_identity_dav2s_ram_lora_tap_r8a16_decoder_e5,/mnt/drive/3333_raw/0000_exp_ckpt/0605_1844_rod_night_rawram3_identity_dav2s_ram_lora_tap_r8a16_decoder_e5/last_epoch_model.pth,177,night-06187,0.4247469753082312,13.6063595345436,0.21028659964094928,0.9492024326316651,0.9799174789090016,0.9908187607502662,50.680220322369564,3.5926219846901937,390688,370842,-16.5,-0.8046875,0.31814026832580566,0.01019287109375,2.96875,56.0
/home/caq/6666_raw/dav2_raw_0603/finetune_stf/analysis/rod_raw_four_exp_panel/0608_201732_random10_seed42_fixed_backbone_input/sample_panels/rod_raw_four_exp_panel_idx0177_night-06187.png,/home/caq/6666_raw/dav2_raw_0603/finetune_stf/analysis/rod_raw_four_exp_panel/0608_201732_random10_seed42_fixed_backbone_input/metadata/sample_0177/summary.json,4,raw_ram_final,0606_0330_rod_night_rawram3_identity_dav2s_ram_backbone_ld09_decoder_e10,/mnt/drive/3333_raw/0000_exp_ckpt/0606_0330_rod_night_rawram3_identity_dav2s_ram_backbone_ld09_decoder_e10/last_epoch_model.pth,177,night-06187,0.37340854487748226,7.735635089040458,0.20007876387597046,0.9497041117208617,0.9801401629945122,0.9902223769350479,42.93145598435366,5.658287886764907,390688,371038,-4.53125,-0.70703125,0.22286054491996765,0.06298828125,2.625,62.25
/home/caq/6666_raw/dav2_raw_0603/finetune_stf/analysis/rod_raw_four_exp_panel/0608_201732_random10_seed42_fixed_backbone_input/sample_panels/rod_raw_four_exp_panel_idx0177_night-06187.png,/home/caq/6666_raw/dav2_raw_0603/finetune_stf/analysis/rod_raw_four_exp_panel/0608_201732_random10_seed42_fixed_backbone_input/metadata/sample_0177/summary.json,5,raw_ram_final,0606_1431_rod_night_rawram3_identity_dav2s_ram_backbone_lowlr_ld09_e10,/mnt/drive/3333_raw/0000_exp_ckpt/0606_1431_rod_night_rawram3_identity_dav2s_ram_backbone_lowlr_ld09_e10/last_epoch_model.pth,177,night-06187,0.3844685808953868,8.087762396170081,0.19435012424891443,0.9621001924809567,0.9865698460152347,0.9926719018756655,50.15241792804569,1.6942415868540703,390688,375881,-5.625,-1.03125,-0.12785445153713226,-0.369140625,2.796875,30.375
/home/caq/6666_raw/dav2_raw_0603/finetune_stf/analysis/rod_raw_four_exp_panel/0608_201732_random10_seed42_fixed_backbone_input/sample_panels/rod_raw_four_exp_panel_idx1304_night-07314.png,/home/caq/6666_raw/dav2_raw_0603/finetune_stf/analysis/rod_raw_four_exp_panel/0608_201732_random10_seed42_fixed_backbone_input/metadata/sample_1304/summary.json,1,student_rgb_dav2s_init,DAv2-S student RGB init,/home/caq/333_cvpr/da_ours/checkpoints/depth_anything_v2_vits.pth,1304,night-07314,0.71392014702087,7.323002801619198,0.29197838342467436,0.8648885355078225,0.9389411321611976,0.9737494993214685,45.00714235175454,1.2960893562741485,334546,289345,-2.1179039478302,-2.1007790565490723,-1.8924553394317627,-1.965686321258545,-1.0028010606765747,2.640000104904175
/home/caq/6666_raw/dav2_raw_0603/finetune_stf/analysis/rod_raw_four_exp_panel/0608_201732_random10_seed42_fixed_backbone_input/sample_panels/rod_raw_four_exp_panel_idx1304_night-07314.png,/home/caq/6666_raw/dav2_raw_0603/finetune_stf/analysis/rod_raw_four_exp_panel/0608_201732_random10_seed42_fixed_backbone_input/metadata/sample_1304/summary.json,2,raw_ram_final,0605_1332_rod_night_rawram3_identity_dav2s_ram_decoder_e5,/mnt/drive/3333_raw/0000_exp_ckpt/0605_1332_rod_night_rawram3_identity_dav2s_ram_decoder_e5/last_epoch_model.pth,1304,night-07314,2.895957259884161,8.204388361932681,0.35776735063952314,0.8795501963855493,0.9297914188183389,0.9676068462931854,65.63644607373622,-0.1784466237815031,334546,294250,-21.625,-0.76953125,0.0003453036188147962,-0.2158203125,2.421875,24.125
/home/caq/6666_raw/dav2_raw_0603/finetune_stf/analysis/rod_raw_four_exp_panel/0608_201732_random10_seed42_fixed_backbone_input/sample_panels/rod_raw_four_exp_panel_idx1304_night-07314.png,/home/caq/6666_raw/dav2_raw_0603/finetune_stf/analysis/rod_raw_four_exp_panel/0608_201732_random10_seed42_fixed_backbone_input/metadata/sample_1304/summary.json,3,raw_ram_final,0605_1844_rod_night_rawram3_identity_dav2s_ram_lora_tap_r8a16_decoder_e5,/mnt/drive/3333_raw/0000_exp_ckpt/0605_1844_rod_night_rawram3_identity_dav2s_ram_lora_tap_r8a16_decoder_e5/last_epoch_model.pth,1304,night-07314,3.1980093735679995,8.274553767038018,0.36695654520147497,0.8858124144362808,0.9321976648951116,0.9672750533558913,50.859279729720356,6.455521052574015,334546,296345,-14.375,-0.8828125,0.033549871295690536,-0.177734375,2.421875,49.5
/home/caq/6666_raw/dav2_raw_0603/finetune_stf/analysis/rod_raw_four_exp_panel/0608_201732_random10_seed42_fixed_backbone_input/sample_panels/rod_raw_four_exp_panel_idx1304_night-07314.png,/home/caq/6666_raw/dav2_raw_0603/finetune_stf/analysis/rod_raw_four_exp_panel/0608_201732_random10_seed42_fixed_backbone_input/metadata/sample_1304/summary.json,4,raw_ram_final,0606_0330_rod_night_rawram3_identity_dav2s_ram_backbone_ld09_decoder_e10,/mnt/drive/3333_raw/0000_exp_ckpt/0606_0330_rod_night_rawram3_identity_dav2s_ram_backbone_ld09_decoder_e10/last_epoch_model.pth,1304,night-07314,1.6616941095874125,3.8498517101462735,0.2934398144542651,0.9104428090606373,0.9659120120999802,0.9803554668117389,43.958593751108666,3.9291977735393697,334546,304585,-4.53125,-0.703125,0.05635971948504448,-0.0517578125,2.171875,45.0
/home/caq/6666_raw/dav2_raw_0603/finetune_stf/analysis/rod_raw_four_exp_panel/0608_201732_random10_seed42_fixed_backbone_input/sample_panels/rod_raw_four_exp_panel_idx1304_night-07314.png,/home/caq/6666_raw/dav2_raw_0603/finetune_stf/analysis/rod_raw_four_exp_panel/0608_201732_random10_seed42_fixed_backbone_input/metadata/sample_1304/summary.json,5,raw_ram_final,0606_1431_rod_night_rawram3_identity_dav2s_ram_backbone_lowlr_ld09_e10,/mnt/drive/3333_raw/0000_exp_ckpt/0606_1431_rod_night_rawram3_identity_dav2s_ram_backbone_lowlr_ld09_e10/last_epoch_model.pth,1304,night-07314,2.080199843009826,4.822901789585898,0.3101501265935416,0.9193205119774261,0.9626598434893856,0.9769807440531347,49.52290099009893,3.342697039784136,334546,307555,-5.59375,-0.9609375,-0.2967793643474579,-0.490234375,2.46875,26.875
/home/caq/6666_raw/dav2_raw_0603/finetune_stf/analysis/rod_raw_four_exp_panel/0608_201732_random10_seed42_fixed_backbone_input/sample_panels/rod_raw_four_exp_panel_idx0875_night-06885.png,/home/caq/6666_raw/dav2_raw_0603/finetune_stf/analysis/rod_raw_four_exp_panel/0608_201732_random10_seed42_fixed_backbone_input/metadata/sample_0875/summary.json,1,student_rgb_dav2s_init,DAv2-S student RGB init,/home/caq/333_cvpr/da_ours/checkpoints/depth_anything_v2_vits.pth,875,night-06885,0.404030156373024,61.21285220657474,6.339510936575773,0.34282267737298455,0.7390769920984445,0.7779461449015281,49.52763261397782,-54.43121642724912,436876,149771,-2.1179039478302,-2.1179039478302,-1.9064924716949463,-1.983193278312683,-0.8802520632743835,2.640000104904175
/home/caq/6666_raw/dav2_raw_0603/finetune_stf/analysis/rod_raw_four_exp_panel/0608_201732_random10_seed42_fixed_backbone_input/sample_panels/rod_raw_four_exp_panel_idx0875_night-06885.png,/home/caq/6666_raw/dav2_raw_0603/finetune_stf/analysis/rod_raw_four_exp_panel/0608_201732_random10_seed42_fixed_backbone_input/metadata/sample_0875/summary.json,2,raw_ram_final,0605_1332_rod_night_rawram3_identity_dav2s_ram_decoder_e5,/mnt/drive/3333_raw/0000_exp_ckpt/0605_1332_rod_night_rawram3_identity_dav2s_ram_decoder_e5/last_epoch_model.pth,875,night-06885,0.40947363796662867,59.88252614896944,6.385748265929647,0.31445307135205414,0.7043142676640511,0.7454243309314313,74.37559193385412,-48.300809211058734,436876,137377,-16.75,-1.40625,-0.43126586079597473,-0.625,2.5689062499986903,16.375
/home/caq/6666_raw/dav2_raw_0603/finetune_stf/analysis/rod_raw_four_exp_panel/0608_201732_random10_seed42_fixed_backbone_input/sample_panels/rod_raw_four_exp_panel_idx0875_night-06885.png,/home/caq/6666_raw/dav2_raw_0603/finetune_stf/analysis/rod_raw_four_exp_panel/0608_201732_random10_seed42_fixed_backbone_input/metadata/sample_0875/summary.json,3,raw_ram_final,0605_1844_rod_night_rawram3_identity_dav2s_ram_lora_tap_r8a16_decoder_e5,/mnt/drive/3333_raw/0000_exp_ckpt/0605_1844_rod_night_rawram3_identity_dav2s_ram_lora_tap_r8a16_decoder_e5/last_epoch_model.pth,875,night-06885,0.19564016095194642,12.51715632925364,3.4572856436589916,0.7395439438192989,0.8360862121059522,0.8703339162599913,51.31825763903141,-12.791843604535757,436876,323089,-8.0625,-1.921875,-0.4444422423839569,-0.3203125,2.1875,22.625
/home/caq/6666_raw/dav2_raw_0603/finetune_stf/analysis/rod_raw_four_exp_panel/0608_201732_random10_seed42_fixed_backbone_input/sample_panels/rod_raw_four_exp_panel_idx0875_night-06885.png,/home/caq/6666_raw/dav2_raw_0603/finetune_stf/analysis/rod_raw_four_exp_panel/0608_201732_random10_seed42_fixed_backbone_input/metadata/sample_0875/summary.json,4,raw_ram_final,0606_0330_rod_night_rawram3_identity_dav2s_ram_backbone_ld09_decoder_e10,/mnt/drive/3333_raw/0000_exp_ckpt/0606_0330_rod_night_rawram3_identity_dav2s_ram_backbone_ld09_decoder_e10/last_epoch_model.pth,875,night-06885,0.20000832194801654,11.55930712847808,4.7173932810182375,0.7857057837921974,0.8362052390151896,0.8564604143967625,40.27202309098427,-16.073982567615,436876,343256,-4.59375,-1.78125,-0.48752591013908386,-0.50390625,1.9765625,26.25
/home/caq/6666_raw/dav2_raw_0603/finetune_stf/analysis/rod_raw_four_exp_panel/0608_201732_random10_seed42_fixed_backbone_input/sample_panels/rod_raw_four_exp_panel_idx0875_night-06885.png,/home/caq/6666_raw/dav2_raw_0603/finetune_stf/analysis/rod_raw_four_exp_panel/0608_201732_random10_seed42_fixed_backbone_input/metadata/sample_0875/summary.json,5,raw_ram_final,0606_1431_rod_night_rawram3_identity_dav2s_ram_backbone_lowlr_ld09_e10,/mnt/drive/3333_raw/0000_exp_ckpt/0606_1431_rod_night_rawram3_identity_dav2s_ram_backbone_lowlr_ld09_e10/last_epoch_model.pth,875,night-06885,0.26191569867614173,18.944878231045863,5.1146803804181316,0.7003657788480027,0.7840760307272544,0.8176736648385354,47.46014118799531,-15.547603020306205,436876,305973,-5.96875,-1.953125,-0.2864290177822113,-0.041015625,2.4375,14.5625
/home/caq/6666_raw/dav2_raw_0603/finetune_stf/analysis/rod_raw_four_exp_panel/0608_201732_random10_seed42_fixed_backbone_input/sample_panels/rod_raw_four_exp_panel_idx0863_night-06873.png,/home/caq/6666_raw/dav2_raw_0603/finetune_stf/analysis/rod_raw_four_exp_panel/0608_201732_random10_seed42_fixed_backbone_input/metadata/sample_0863/summary.json,1,student_rgb_dav2s_init,DAv2-S student RGB init,/home/caq/333_cvpr/da_ours/checkpoints/depth_anything_v2_vits.pth,863,night-06873,0.25281488392822665,31.960973618085152,4.237757153154046,0.718196786201553,0.825597112971416,0.8542926443093197,42.40250181311717,-34.47181367044987,474952,341109,-2.1179039478302,-2.1007790565490723,-1.832148790359497,-1.878151297569275,-0.5826330184936523,2.640000104904175
/home/caq/6666_raw/dav2_raw_0603/finetune_stf/analysis/rod_raw_four_exp_panel/0608_201732_random10_seed42_fixed_backbone_input/sample_panels/rod_raw_four_exp_panel_idx0863_night-06873.png,/home/caq/6666_raw/dav2_raw_0603/finetune_stf/analysis/rod_raw_four_exp_panel/0608_201732_random10_seed42_fixed_backbone_input/metadata/sample_0863/summary.json,2,raw_ram_final,0605_1332_rod_night_rawram3_identity_dav2s_ram_decoder_e5,/mnt/drive/3333_raw/0000_exp_ckpt/0605_1332_rod_night_rawram3_identity_dav2s_ram_decoder_e5/last_epoch_model.pth,863,night-06873,0.2328127681954215,31.063054360165452,4.406714654056534,0.7618896225302767,0.8379330963971096,0.8665001937037848,63.260276035554156,-45.03955002780946,474952,361861,-14.5625,-1.2890625,-0.2358253300189972,-0.51953125,2.390625,19.25
/home/caq/6666_raw/dav2_raw_0603/finetune_stf/analysis/rod_raw_four_exp_panel/0608_201732_random10_seed42_fixed_backbone_input/sample_panels/rod_raw_four_exp_panel_idx0863_night-06873.png,/home/caq/6666_raw/dav2_raw_0603/finetune_stf/analysis/rod_raw_four_exp_panel/0608_201732_random10_seed42_fixed_backbone_input/metadata/sample_0863/summary.json,3,raw_ram_final,0605_1844_rod_night_rawram3_identity_dav2s_ram_lora_tap_r8a16_decoder_e5,/mnt/drive/3333_raw/0000_exp_ckpt/0605_1844_rod_night_rawram3_identity_dav2s_ram_lora_tap_r8a16_decoder_e5/last_epoch_model.pth,863,night-06873,0.2457820510493398,32.99678488632275,4.594455131679883,0.7414538732335058,0.8279552460038067,0.8526545840421769,49.92706449057492,-38.96306905514101,474952,352155,-11.3125,-1.6640625,-0.3016338348388672,-0.2734375,1.90625,30.625
/home/caq/6666_raw/dav2_raw_0603/finetune_stf/analysis/rod_raw_four_exp_panel/0608_201732_random10_seed42_fixed_backbone_input/sample_panels/rod_raw_four_exp_panel_idx0863_night-06873.png,/home/caq/6666_raw/dav2_raw_0603/finetune_stf/analysis/rod_raw_four_exp_panel/0608_201732_random10_seed42_fixed_backbone_input/metadata/sample_0863/summary.json,4,raw_ram_final,0606_0330_rod_night_rawram3_identity_dav2s_ram_backbone_ld09_decoder_e10,/mnt/drive/3333_raw/0000_exp_ckpt/0606_0330_rod_night_rawram3_identity_dav2s_ram_backbone_ld09_decoder_e10/last_epoch_model.pth,863,night-06873,0.17675773432578767,15.012214959499614,3.6853499141883894,0.766275328875339,0.8686919941383551,0.9032407485387998,37.96092718716988,-19.456107108979154,474952,363944,-4.5,-1.484375,-0.2409246861934662,-0.3125,1.8203125,31.5
/home/caq/6666_raw/dav2_raw_0603/finetune_stf/analysis/rod_raw_four_exp_panel/0608_201732_random10_seed42_fixed_backbone_input/sample_panels/rod_raw_four_exp_panel_idx0863_night-06873.png,/home/caq/6666_raw/dav2_raw_0603/finetune_stf/analysis/rod_raw_four_exp_panel/0608_201732_random10_seed42_fixed_backbone_input/metadata/sample_0863/summary.json,5,raw_ram_final,0606_1431_rod_night_rawram3_identity_dav2s_ram_backbone_lowlr_ld09_e10,/mnt/drive/3333_raw/0000_exp_ckpt/0606_1431_rod_night_rawram3_identity_dav2s_ram_backbone_lowlr_ld09_e10/last_epoch_model.pth,863,night-06873,0.26840347452490704,44.80711103498492,4.80814788301661,0.7356385487375566,0.8117957183041655,0.8459612760868467,49.6814722728115,-41.246998723892276,474952,349393,-5.96875,-1.6640625,-0.07357513904571533,0.068359375,2.09375,24.125
/home/caq/6666_raw/dav2_raw_0603/finetune_stf/analysis/rod_raw_four_exp_panel/0608_201732_random10_seed42_fixed_backbone_input/sample_panels/rod_raw_four_exp_panel_idx1393_night-07403.png,/home/caq/6666_raw/dav2_raw_0603/finetune_stf/analysis/rod_raw_four_exp_panel/0608_201732_random10_seed42_fixed_backbone_input/metadata/sample_1393/summary.json,1,student_rgb_dav2s_init,DAv2-S student RGB init,/home/caq/333_cvpr/da_ours/checkpoints/depth_anything_v2_vits.pth,1393,night-07403,0.9517401363870904,8.039168223858884,2.632454749699184,0.7961095134884995,0.8620220708022269,0.8956406151870163,48.882125953967034,-4.485348593597416,423546,337189,-2.1179039478302,-2.1007790565490723,-1.8821908235549927,-1.930672287940979,-1.1247059106826782,2.640000104904175
/home/caq/6666_raw/dav2_raw_0603/finetune_stf/analysis/rod_raw_four_exp_panel/0608_201732_random10_seed42_fixed_backbone_input/sample_panels/rod_raw_four_exp_panel_idx1393_night-07403.png,/home/caq/6666_raw/dav2_raw_0603/finetune_stf/analysis/rod_raw_four_exp_panel/0608_201732_random10_seed42_fixed_backbone_input/metadata/sample_1393/summary.json,2,raw_ram_final,0605_1332_rod_night_rawram3_identity_dav2s_ram_decoder_e5,/mnt/drive/3333_raw/0000_exp_ckpt/0605_1332_rod_night_rawram3_identity_dav2s_ram_decoder_e5/last_epoch_model.pth,1393,night-07403,3.205716134013646,13.396614491313553,1.1967826386593814,0.857689601601715,0.9306474385308797,0.9546849692831475,67.05336162422478,-4.83427761726276,423546,363271,-21.0,-0.828125,0.40723490715026855,0.275390625,2.65625,28.0
/home/caq/6666_raw/dav2_raw_0603/finetune_stf/analysis/rod_raw_four_exp_panel/0608_201732_random10_seed42_fixed_backbone_input/sample_panels/rod_raw_four_exp_panel_idx1393_night-07403.png,/home/caq/6666_raw/dav2_raw_0603/finetune_stf/analysis/rod_raw_four_exp_panel/0608_201732_random10_seed42_fixed_backbone_input/metadata/sample_1393/summary.json,3,raw_ram_final,0605_1844_rod_night_rawram3_identity_dav2s_ram_lora_tap_r8a16_decoder_e5,/mnt/drive/3333_raw/0000_exp_ckpt/0605_1844_rod_night_rawram3_identity_dav2s_ram_lora_tap_r8a16_decoder_e5/last_epoch_model.pth,1393,night-07403,7.4726914051931255,13.153133836295341,0.39308162067923136,0.858265690149358,0.9442657940341781,0.9641597370769645,52.33490023532872,3.816479147554573,423546,363515,-11.0625,-0.94921875,0.23021450638771057,-0.056396484375,2.5,45.25
/home/caq/6666_raw/dav2_raw_0603/finetune_stf/analysis/rod_raw_four_exp_panel/0608_201732_random10_seed42_fixed_backbone_input/sample_panels/rod_raw_four_exp_panel_idx1393_night-07403.png,/home/caq/6666_raw/dav2_raw_0603/finetune_stf/analysis/rod_raw_four_exp_panel/0608_201732_random10_seed42_fixed_backbone_input/metadata/sample_1393/summary.json,4,raw_ram_final,0606_0330_rod_night_rawram3_identity_dav2s_ram_backbone_ld09_decoder_e10,/mnt/drive/3333_raw/0000_exp_ckpt/0606_0330_rod_night_rawram3_identity_dav2s_ram_backbone_ld09_decoder_e10/last_epoch_model.pth,1393,night-07403,4.47438455118546,5.217746374101498,0.3272745959314483,0.9213190538926115,0.965420521029593,0.9769777072620212,43.599373801593885,2.517359736058409,423546,390221,-4.65625,-0.96484375,0.18387506902217865,0.095703125,2.296875,44.25
/home/caq/6666_raw/dav2_raw_0603/finetune_stf/analysis/rod_raw_four_exp_panel/0608_201732_random10_seed42_fixed_backbone_input/sample_panels/rod_raw_four_exp_panel_idx1393_night-07403.png,/home/caq/6666_raw/dav2_raw_0603/finetune_stf/analysis/rod_raw_four_exp_panel/0608_201732_random10_seed42_fixed_backbone_input/metadata/sample_1393/summary.json,5,raw_ram_final,0606_1431_rod_night_rawram3_identity_dav2s_ram_backbone_lowlr_ld09_e10,/mnt/drive/3333_raw/0000_exp_ckpt/0606_1431_rod_night_rawram3_identity_dav2s_ram_backbone_lowlr_ld09_e10/last_epoch_model.pth,1393,night-07403,4.758505633694455,5.034076647652018,0.3453094748493889,0.8881845183285877,0.9483361901658852,0.9663507623729182,48.76157470653569,2.9643231109982664,423546,376187,-5.6875,-1.0234375,0.037104684859514236,-0.2001953125,2.6875,22.75
/home/caq/6666_raw/dav2_raw_0603/finetune_stf/analysis/rod_raw_four_exp_panel/0608_201732_random10_seed42_fixed_backbone_input/sample_panels/rod_raw_four_exp_panel_idx0188_night-06198.png,/home/caq/6666_raw/dav2_raw_0603/finetune_stf/analysis/rod_raw_four_exp_panel/0608_201732_random10_seed42_fixed_backbone_input/metadata/sample_0188/summary.json,1,student_rgb_dav2s_init,DAv2-S student RGB init,/home/caq/333_cvpr/da_ours/checkpoints/depth_anything_v2_vits.pth,188,night-06198,1.2075892682465523,11.249404846737345,0.37222423243405045,0.8739443610170786,0.9267479447173509,0.9514240627147548,47.1509871644903,1.1686001069720235,392890,343364,-2.1179039478302,-2.1179039478302,-1.8918622732162476,-1.9481792449951172,-1.227416753768921,2.640000104904175
/home/caq/6666_raw/dav2_raw_0603/finetune_stf/analysis/rod_raw_four_exp_panel/0608_201732_random10_seed42_fixed_backbone_input/sample_panels/rod_raw_four_exp_panel_idx0188_night-06198.png,/home/caq/6666_raw/dav2_raw_0603/finetune_stf/analysis/rod_raw_four_exp_panel/0608_201732_random10_seed42_fixed_backbone_input/metadata/sample_0188/summary.json,2,raw_ram_final,0605_1332_rod_night_rawram3_identity_dav2s_ram_decoder_e5,/mnt/drive/3333_raw/0000_exp_ckpt/0605_1332_rod_night_rawram3_identity_dav2s_ram_decoder_e5/last_epoch_model.pth,188,night-06198,1.0802165058325248,10.563039125228652,0.3229176969933153,0.9057140675507139,0.9420244852248721,0.9718394461554125,61.102850952422315,1.231821984393134,392890,355846,-20.75,-0.84765625,0.1602250188589096,-0.04541015625,2.34375,26.125
/home/caq/6666_raw/dav2_raw_0603/finetune_stf/analysis/rod_raw_four_exp_panel/0608_201732_random10_seed42_fixed_backbone_input/sample_panels/rod_raw_four_exp_panel_idx0188_night-06198.png,/home/caq/6666_raw/dav2_raw_0603/finetune_stf/analysis/rod_raw_four_exp_panel/0608_201732_random10_seed42_fixed_backbone_input/metadata/sample_0188/summary.json,3,raw_ram_final,0605_1844_rod_night_rawram3_identity_dav2s_ram_lora_tap_r8a16_decoder_e5,/mnt/drive/3333_raw/0000_exp_ckpt/0605_1844_rod_night_rawram3_identity_dav2s_ram_lora_tap_r8a16_decoder_e5/last_epoch_model.pth,188,night-06198,1.2085507914152673,15.070676274158151,0.3282997243716573,0.9085749191885769,0.9509328310723103,0.9722924991727965,51.22791014413782,4.494053297957837,392890,356970,-10.1875,-0.7890625,0.36475932598114014,0.095703125,2.625,49.0
/home/caq/6666_raw/dav2_raw_0603/finetune_stf/analysis/rod_raw_four_exp_panel/0608_201732_random10_seed42_fixed_backbone_input/sample_panels/rod_raw_four_exp_panel_idx0188_night-06198.png,/home/caq/6666_raw/dav2_raw_0603/finetune_stf/analysis/rod_raw_four_exp_panel/0608_201732_random10_seed42_fixed_backbone_input/metadata/sample_0188/summary.json,4,raw_ram_final,0606_0330_rod_night_rawram3_identity_dav2s_ram_backbone_ld09_decoder_e10,/mnt/drive/3333_raw/0000_exp_ckpt/0606_0330_rod_night_rawram3_identity_dav2s_ram_backbone_ld09_decoder_e10/last_epoch_model.pth,188,night-06198,1.0998657832532477,8.563828866400879,0.3247219487191959,0.901249713660312,0.9403573519305658,0.9709689735040342,39.78744532615766,8.669763029778839,392890,354092,-4.5,-0.640625,0.3142882287502289,0.197265625,2.265625,51.25
/home/caq/6666_raw/dav2_raw_0603/finetune_stf/analysis/rod_raw_four_exp_panel/0608_201732_random10_seed42_fixed_backbone_input/sample_panels/rod_raw_four_exp_panel_idx0188_night-06198.png,/home/caq/6666_raw/dav2_raw_0603/finetune_stf/analysis/rod_raw_four_exp_panel/0608_201732_random10_seed42_fixed_backbone_input/metadata/sample_0188/summary.json,5,raw_ram_final,0606_1431_rod_night_rawram3_identity_dav2s_ram_backbone_lowlr_ld09_e10,/mnt/drive/3333_raw/0000_exp_ckpt/0606_1431_rod_night_rawram3_identity_dav2s_ram_backbone_lowlr_ld09_e10/last_epoch_model.pth,188,night-06198,1.0328906467330963,9.132980147921035,0.313131065211477,0.9234442210287866,0.9561556669805799,0.9746010333681183,48.02765902945316,4.415380265552329,392890,362812,-5.65625,-0.98046875,0.007033690344542265,-0.18359375,2.4375,26.375
/home/caq/6666_raw/dav2_raw_0603/finetune_stf/analysis/rod_raw_four_exp_panel/0608_201732_random10_seed42_fixed_backbone_input/sample_panels/rod_raw_four_exp_panel_idx0402_night-06412.png,/home/caq/6666_raw/dav2_raw_0603/finetune_stf/analysis/rod_raw_four_exp_panel/0608_201732_random10_seed42_fixed_backbone_input/metadata/sample_0402/summary.json,1,student_rgb_dav2s_init,DAv2-S student RGB init,/home/caq/333_cvpr/da_ours/checkpoints/depth_anything_v2_vits.pth,402,night-06412,19.77914160002304,27.656944180692133,0.7149090324179111,0.7721476309899554,0.8202877201536375,0.8610908675953037,48.600146478731325,10.291836172243748,385583,297727,-2.1179039478302,-2.1179039478302,-1.9551154375076294,-2.0357143878936768,-1.6998692750930786,2.640000104904175
/home/caq/6666_raw/dav2_raw_0603/finetune_stf/analysis/rod_raw_four_exp_panel/0608_201732_random10_seed42_fixed_backbone_input/sample_panels/rod_raw_four_exp_panel_idx0402_night-06412.png,/home/caq/6666_raw/dav2_raw_0603/finetune_stf/analysis/rod_raw_four_exp_panel/0608_201732_random10_seed42_fixed_backbone_input/metadata/sample_0402/summary.json,2,raw_ram_final,0605_1332_rod_night_rawram3_identity_dav2s_ram_decoder_e5,/mnt/drive/3333_raw/0000_exp_ckpt/0605_1332_rod_night_rawram3_identity_dav2s_ram_decoder_e5/last_epoch_model.pth,402,night-06412,11.97032268678601,15.041314572966654,0.5425710052532193,0.806474870520744,0.8916394135633573,0.9362108806664194,55.52675532478926,6.107242331699449,385583,310963,-22.125,-1.25,0.6048821210861206,0.7890625,3.578125,27.25
/home/caq/6666_raw/dav2_raw_0603/finetune_stf/analysis/rod_raw_four_exp_panel/0608_201732_random10_seed42_fixed_backbone_input/sample_panels/rod_raw_four_exp_panel_idx0402_night-06412.png,/home/caq/6666_raw/dav2_raw_0603/finetune_stf/analysis/rod_raw_four_exp_panel/0608_201732_random10_seed42_fixed_backbone_input/metadata/sample_0402/summary.json,3,raw_ram_final,0605_1844_rod_night_rawram3_identity_dav2s_ram_lora_tap_r8a16_decoder_e5,/mnt/drive/3333_raw/0000_exp_ckpt/0605_1844_rod_night_rawram3_identity_dav2s_ram_lora_tap_r8a16_decoder_e5/last_epoch_model.pth,402,night-06412,26.553558554092948,32.65445060582043,0.7403103002755101,0.7219405419844754,0.7856466701073439,0.8386573059496918,42.25623528760487,26.984594613981987,385583,278368,-14.375,-0.51953125,0.870431661605835,0.6796875,3.453125,80.0
/home/caq/6666_raw/dav2_raw_0603/finetune_stf/analysis/rod_raw_four_exp_panel/0608_201732_random10_seed42_fixed_backbone_input/sample_panels/rod_raw_four_exp_panel_idx0402_night-06412.png,/home/caq/6666_raw/dav2_raw_0603/finetune_stf/analysis/rod_raw_four_exp_panel/0608_201732_random10_seed42_fixed_backbone_input/metadata/sample_0402/summary.json,4,raw_ram_final,0606_0330_rod_night_rawram3_identity_dav2s_ram_backbone_ld09_decoder_e10,/mnt/drive/3333_raw/0000_exp_ckpt/0606_0330_rod_night_rawram3_identity_dav2s_ram_backbone_ld09_decoder_e10/last_epoch_model.pth,402,night-06412,10.94331276251956,19.17061810415938,0.5305417650613886,0.7889274164058063,0.8405401690427223,0.9307516150867647,37.05452434583716,11.0444985345138,385583,304197,-4.40625,-0.5703125,0.5702826380729675,0.3125,2.953125,77.5
/home/caq/6666_raw/dav2_raw_0603/finetune_stf/analysis/rod_raw_four_exp_panel/0608_201732_random10_seed42_fixed_backbone_input/sample_panels/rod_raw_four_exp_panel_idx0402_night-06412.png,/home/caq/6666_raw/dav2_raw_0603/finetune_stf/analysis/rod_raw_four_exp_panel/0608_201732_random10_seed42_fixed_backbone_input/metadata/sample_0402/summary.json,5,raw_ram_final,0606_1431_rod_night_rawram3_identity_dav2s_ram_backbone_lowlr_ld09_e10,/mnt/drive/3333_raw/0000_exp_ckpt/0606_1431_rod_night_rawram3_identity_dav2s_ram_backbone_lowlr_ld09_e10/last_epoch_model.pth,402,night-06412,13.665973937843848,20.295927259007506,0.5765269846141193,0.7788699190576348,0.82881247357897,0.9135776214200315,42.669562284047934,12.134950580222931,385583,300319,-5.28125,-1.2578125,0.16842228174209595,-0.15625,3.640625,36.5
/home/caq/6666_raw/dav2_raw_0603/finetune_stf/analysis/rod_raw_four_exp_panel/0608_201732_random10_seed42_fixed_backbone_input/sample_panels/rod_raw_four_exp_panel_idx1713_night-07723.png,/home/caq/6666_raw/dav2_raw_0603/finetune_stf/analysis/rod_raw_four_exp_panel/0608_201732_random10_seed42_fixed_backbone_input/metadata/sample_1713/summary.json,1,student_rgb_dav2s_init,DAv2-S student RGB init,/home/caq/333_cvpr/da_ours/checkpoints/depth_anything_v2_vits.pth,1713,night-07723,0.5456253097346914,10.482667027082105,1.8413462553659523,0.8192645472869503,0.8989621332209295,0.9388714628114553,50.59393395471642,-3.7134704618905805,446011,365401,-2.1179039478302,-2.1179039478302,-1.9041411876678467,-1.983193278312683,-1.0904186964035034,2.640000104904175
/home/caq/6666_raw/dav2_raw_0603/finetune_stf/analysis/rod_raw_four_exp_panel/0608_201732_random10_seed42_fixed_backbone_input/sample_panels/rod_raw_four_exp_panel_idx1713_night-07723.png,/home/caq/6666_raw/dav2_raw_0603/finetune_stf/analysis/rod_raw_four_exp_panel/0608_201732_random10_seed42_fixed_backbone_input/metadata/sample_1713/summary.json,2,raw_ram_final,0605_1332_rod_night_rawram3_identity_dav2s_ram_decoder_e5,/mnt/drive/3333_raw/0000_exp_ckpt/0605_1332_rod_night_rawram3_identity_dav2s_ram_decoder_e5/last_epoch_model.pth,1713,night-07723,0.4020995948699063,15.886070922429504,0.602349344921788,0.9259950987755907,0.9695747414301441,0.9823771162594644,65.89387853337226,-2.828350921202354,446011,413004,-23.125,-1.078125,0.5537250638008118,0.5859375,3.59375,29.125
/home/caq/6666_raw/dav2_raw_0603/finetune_stf/analysis/rod_raw_four_exp_panel/0608_201732_random10_seed42_fixed_backbone_input/sample_panels/rod_raw_four_exp_panel_idx1713_night-07723.png,/home/caq/6666_raw/dav2_raw_0603/finetune_stf/analysis/rod_raw_four_exp_panel/0608_201732_random10_seed42_fixed_backbone_input/metadata/sample_1713/summary.json,3,raw_ram_final,0605_1844_rod_night_rawram3_identity_dav2s_ram_lora_tap_r8a16_decoder_e5,/mnt/drive/3333_raw/0000_exp_ckpt/0605_1844_rod_night_rawram3_identity_dav2s_ram_lora_tap_r8a16_decoder_e5/last_epoch_model.pth,1713,night-07723,0.3278946846224899,11.025803443384683,0.23706610312229762,0.910219703101493,0.969527657389616,0.9834398703170998,55.624932273553014,-0.47901192790324015,446011,405968,-20.0,-0.5234375,0.8796342015266418,0.80078125,3.609375,104.0
/home/caq/6666_raw/dav2_raw_0603/finetune_stf/analysis/rod_raw_four_exp_panel/0608_201732_random10_seed42_fixed_backbone_input/sample_panels/rod_raw_four_exp_panel_idx1713_night-07723.png,/home/caq/6666_raw/dav2_raw_0603/finetune_stf/analysis/rod_raw_four_exp_panel/0608_201732_random10_seed42_fixed_backbone_input/metadata/sample_1713/summary.json,4,raw_ram_final,0606_0330_rod_night_rawram3_identity_dav2s_ram_backbone_ld09_decoder_e10,/mnt/drive/3333_raw/0000_exp_ckpt/0606_0330_rod_night_rawram3_identity_dav2s_ram_backbone_ld09_decoder_e10/last_epoch_model.pth,1713,night-07723,0.2532175160127262,4.91419544706654,0.18429765347442653,0.9505976310001323,0.9824152319113205,0.9926548896776088,45.488829973120204,0.8220864934882128,446011,423977,-5.0,-0.4453125,0.6909707188606262,0.482421875,3.390625,102.0
/home/caq/6666_raw/dav2_raw_0603/finetune_stf/analysis/rod_raw_four_exp_panel/0608_201732_random10_seed42_fixed_backbone_input/sample_panels/rod_raw_four_exp_panel_idx1713_night-07723.png,/home/caq/6666_raw/dav2_raw_0603/finetune_stf/analysis/rod_raw_four_exp_panel/0608_201732_random10_seed42_fixed_backbone_input/metadata/sample_1713/summary.json,5,raw_ram_final,0606_1431_rod_night_rawram3_identity_dav2s_ram_backbone_lowlr_ld09_e10,/mnt/drive/3333_raw/0000_exp_ckpt/0606_1431_rod_night_rawram3_identity_dav2s_ram_backbone_lowlr_ld09_e10/last_epoch_model.pth,1713,night-07723,0.3270581041381246,6.658975612152645,0.22113507371864427,0.9341496061756325,0.969570257235808,0.9805924069137308,52.11798350458063,1.5436009058756466,446011,416641,-7.1875,-1.09375,0.1179284006357193,-0.1787109375,3.71875,43.5
