ext_id,denoiser,sigma,alpha,affine,sample_index,sample_id,normal_id,dark_id,valid_pixels,align_scale,align_shift,abs_rel,sq_rel,rmse,rmse_log,log10,silog,silog_x100,d1,d2,d3,clamp_low_ratio,clamp_high_ratio,clamp_total_ratio,clamp_low_ratio_ch_0,clamp_low_ratio_ch_1,clamp_low_ratio_ch_2,clamp_high_ratio_ch_0,clamp_high_ratio_ch_1,clamp_high_ratio_ch_2,clamp_total_ratio_ch_0,clamp_total_ratio_ch_1,clamp_total_ratio_ch_2,delta_ratio,delta_p50,delta_p95,delta_p99,artifact_path
EXT_NOOP_A0,none,n_a,0.0,n_a,0,lod-0021-0022,21,22,484030,59.640125305055335,43.78130463854423,10.49889807350268,954.8653879084443,16.175613733181684,0.30025435835115255,0.030068112258380773,0.29993072057715453,29.99307205771545,0.9639836373778485,0.9757473710307213,0.9844555089560565,0.0,0.0,0.0,0.0,0.0,0.0,0.0,0.0,0.0,0.0,0.0,0.0,0.0,0.0,0.0,0.0,/home/caq/6666_raw/dav2_raw_0603/finetune_stf/analysis/lod_postram_external/0610_1132_lod_postram_ext_minimal/EXT_NOOP_A0/artifacts/000000_lod-0021-0022.npz
EXT_NOOP_A0,none,n_a,0.0,n_a,1,lod-0023-0024,23,24,491519,66.24730116579398,-6.030023018599468,1.3112643927046717,67.02468492552465,24.545763273560656,0.43090612424749347,0.06732638008299145,0.42859254265550023,42.85925426555002,0.8358517168207129,0.9153705146698297,0.948294979441283,0.0,0.0,0.0,0.0,0.0,0.0,0.0,0.0,0.0,0.0,0.0,0.0,0.0,0.0,0.0,0.0,/home/caq/6666_raw/dav2_raw_0603/finetune_stf/analysis/lod_postram_external/0610_1132_lod_postram_ext_minimal/EXT_NOOP_A0/artifacts/000001_lod-0023-0024.npz
EXT_NOOP_A0,none,n_a,0.0,n_a,2,lod-0025-0026,25,26,491520,50.21593580667696,-5.978182826684573,0.45096929203894925,17.417914589106147,35.989039220575656,0.47462675382223796,0.11736621096859186,0.46638663562522753,46.63866356252275,0.7063802083333334,0.784417724609375,0.9025105794270833,0.0,0.0,0.0,0.0,0.0,0.0,0.0,0.0,0.0,0.0,0.0,0.0,0.0,0.0,0.0,0.0,/home/caq/6666_raw/dav2_raw_0603/finetune_stf/analysis/lod_postram_external/0610_1132_lod_postram_ext_minimal/EXT_NOOP_A0/artifacts/000002_lod-0025-0026.npz
EXT_NOOP_A0,none,n_a,0.0,n_a,3,lod-0027-0028,27,28,489989,62.83184441407248,-16.403196892261725,7.1177547765743565,229.11127745169009,67.00906747064776,0.563262271450239,0.12560381676087556,0.5553427532023898,55.534275320238976,0.6796172975311691,0.7932606650353375,0.8748890281210394,0.0,0.0,0.0,0.0,0.0,0.0,0.0,0.0,0.0,0.0,0.0,0.0,0.0,0.0,0.0,0.0,/home/caq/6666_raw/dav2_raw_0603/finetune_stf/analysis/lod_postram_external/0610_1132_lod_postram_ext_minimal/EXT_NOOP_A0/artifacts/000003_lod-0027-0028.npz
EXT_NOOP_A0,none,n_a,0.0,n_a,4,lod-0029-0030,29,30,489782,65.64524768568697,-64.59949247290268,0.6795268425438493,52.82401028069445,59.72863976455713,3.6888899080166704,0.4993286968620991,3.644430041414764,364.44300414147637,0.6292432143280071,0.7578555357281402,0.8228415907485371,0.0,0.0,0.0,0.0,0.0,0.0,0.0,0.0,0.0,0.0,0.0,0.0,0.0,0.0,0.0,0.0,/home/caq/6666_raw/dav2_raw_0603/finetune_stf/analysis/lod_postram_external/0610_1132_lod_postram_ext_minimal/EXT_NOOP_A0/artifacts/000004_lod-0029-0030.npz
EXT_NOOP_A0,none,n_a,0.0,n_a,5,lod-0031-0032,31,32,491473,71.7966669673271,-31.692099060170182,0.21228137144381412,5.206768842775666,16.221535687029125,0.9743945782430781,0.06436281593597137,0.9735391706518196,97.35391706518196,0.8953208009392174,0.9642137004474305,0.9803102103269152,0.0,0.0,0.0,0.0,0.0,0.0,0.0,0.0,0.0,0.0,0.0,0.0,0.0,0.0,0.0,0.0,/home/caq/6666_raw/dav2_raw_0603/finetune_stf/analysis/lod_postram_external/0610_1132_lod_postram_ext_minimal/EXT_NOOP_A0/artifacts/000005_lod-0031-0032.npz
EXT_NOOP_A0,none,n_a,0.0,n_a,6,lod-0033-0034,33,34,491493,72.90677246235892,-64.18516222702226,0.1902206693082541,4.538544136143329,18.53103978225629,0.2126206849976463,0.04843221391331004,0.21202921181564668,21.20292118156467,0.8681588547547981,0.9525791822060538,0.9800648228967656,0.0,0.0,0.0,0.0,0.0,0.0,0.0,0.0,0.0,0.0,0.0,0.0,0.0,0.0,0.0,0.0,/home/caq/6666_raw/dav2_raw_0603/finetune_stf/analysis/lod_postram_external/0610_1132_lod_postram_ext_minimal/EXT_NOOP_A0/artifacts/000006_lod-0033-0034.npz
EXT_NOOP_A0,none,n_a,0.0,n_a,7,lod-0035-0036,35,36,491520,74.21074671418663,-41.561840260271566,0.08042240648723874,2.4918225694319966,16.750989602078683,0.13852282218170853,0.03305009290214201,0.13848702384475933,13.848702384475933,0.931121826171875,0.9794026692708333,0.9933878580729166,0.0,0.0,0.0,0.0,0.0,0.0,0.0,0.0,0.0,0.0,0.0,0.0,0.0,0.0,0.0,0.0,/home/caq/6666_raw/dav2_raw_0603/finetune_stf/analysis/lod_postram_external/0610_1132_lod_postram_ext_minimal/EXT_NOOP_A0/artifacts/000007_lod-0035-0036.npz
EXT_NOOP_A0,none,n_a,0.0,n_a,8,lod-0037-0038,37,38,491188,82.63782462556561,-98.93320581419655,8.110795379631494,530.4973541167307,36.42257614781421,1.2074456898301693,0.14686416523730011,1.2074448500914927,120.74448500914927,0.6922827919248842,0.7883682011775532,0.8660166779318713,0.0,0.0,0.0,0.0,0.0,0.0,0.0,0.0,0.0,0.0,0.0,0.0,0.0,0.0,0.0,0.0,/home/caq/6666_raw/dav2_raw_0603/finetune_stf/analysis/lod_postram_external/0610_1132_lod_postram_ext_minimal/EXT_NOOP_A0/artifacts/000008_lod-0037-0038.npz
EXT_NOOP_A0,none,n_a,0.0,n_a,9,lod-0039-0040,39,40,491520,66.97463344395285,-32.576991868825246,0.10283736512821694,3.65635134331044,19.3412852904095,0.16815512392053616,0.040966392766546705,0.1678852912218991,16.78852912218991,0.89058837890625,0.9654500325520833,0.9886576334635416,0.0,0.0,0.0,0.0,0.0,0.0,0.0,0.0,0.0,0.0,0.0,0.0,0.0,0.0,0.0,0.0,/home/caq/6666_raw/dav2_raw_0603/finetune_stf/analysis/lod_postram_external/0610_1132_lod_postram_ext_minimal/EXT_NOOP_A0/artifacts/000009_lod-0039-0040.npz
EXT_NOOP_A0,none,n_a,0.0,n_a,10,lod-0041-0042,41,42,491520,69.90994866712548,-26.184353195592124,0.25439407246703344,17.447838122120707,30.2831101508455,0.7215369949696746,0.09239176561893182,0.7215312742268624,72.15312742268624,0.7717732747395833,0.9127522786458333,0.949267578125,0.0,0.0,0.0,0.0,0.0,0.0,0.0,0.0,0.0,0.0,0.0,0.0,0.0,0.0,0.0,0.0,/home/caq/6666_raw/dav2_raw_0603/finetune_stf/analysis/lod_postram_external/0610_1132_lod_postram_ext_minimal/EXT_NOOP_A0/artifacts/000010_lod-0041-0042.npz
EXT_NOOP_A0,none,n_a,0.0,n_a,11,lod-0043-0044,43,44,480254,60.28136997100463,-30.482158798688037,76.79237461117044,7016.622782476168,29.01937946524637,4.1345558290014175,0.555988824171617,4.058340526230162,405.8340526230162,0.7896571397635418,0.860557121856351,0.8834658326635488,0.0,0.0,0.0,0.0,0.0,0.0,0.0,0.0,0.0,0.0,0.0,0.0,0.0,0.0,0.0,0.0,/home/caq/6666_raw/dav2_raw_0603/finetune_stf/analysis/lod_postram_external/0610_1132_lod_postram_ext_minimal/EXT_NOOP_A0/artifacts/000011_lod-0043-0044.npz
EXT_NOOP_A0,none,n_a,0.0,n_a,12,lod-0045-0046,45,46,489707,64.4310768533351,-28.345024863954883,0.20555232770470191,7.760192456092342,29.550100628620143,2.8964692928916254,0.31471485977358127,2.8680282921977622,286.80282921977624,0.7662990318700774,0.8695015590955408,0.9127478267617167,0.0,0.0,0.0,0.0,0.0,0.0,0.0,0.0,0.0,0.0,0.0,0.0,0.0,0.0,0.0,0.0,/home/caq/6666_raw/dav2_raw_0603/finetune_stf/analysis/lod_postram_external/0610_1132_lod_postram_ext_minimal/EXT_NOOP_A0/artifacts/000012_lod-0045-0046.npz
EXT_NOOP_A0,none,n_a,0.0,n_a,13,lod-0047-0048,47,48,491520,65.65240424068894,-16.377576319276766,0.09547644398613046,3.4263018172000366,20.23389503574841,0.1872774452023056,0.036634232718797934,0.18713363447400908,18.71336344740091,0.9303995768229166,0.9706583658854167,0.9814615885416667,0.0,0.0,0.0,0.0,0.0,0.0,0.0,0.0,0.0,0.0,0.0,0.0,0.0,0.0,0.0,0.0,/home/caq/6666_raw/dav2_raw_0603/finetune_stf/analysis/lod_postram_external/0610_1132_lod_postram_ext_minimal/EXT_NOOP_A0/artifacts/000013_lod-0047-0048.npz
EXT_NOOP_A0,none,n_a,0.0,n_a,14,lod-0649-0650,649,650,477771,56.159321243404776,96.96389021349712,1.9902582759663254,411.6698524967427,26.610688295917413,0.20223709053678182,0.040216143222230945,0.2019906109277616,20.199061092776162,0.932670672770009,0.9779810829874563,0.993597351032189,0.0,0.0,0.0,0.0,0.0,0.0,0.0,0.0,0.0,0.0,0.0,0.0,0.0,0.0,0.0,0.0,/home/caq/6666_raw/dav2_raw_0603/finetune_stf/analysis/lod_postram_external/0610_1132_lod_postram_ext_minimal/EXT_NOOP_A0/artifacts/000014_lod-0649-0650.npz
EXT_NOOP_A0,none,n_a,0.0,n_a,15,lod-0651-0652,651,652,491520,-17.5613199106285,340.9599089790126,0.8588053123363625,134.47368569744006,126.3825158689326,0.7020422313242753,0.23288179895830485,0.6891928210592725,68.91928210592725,0.19146728515625,0.622088623046875,0.805291748046875,0.0,0.0,0.0,0.0,0.0,0.0,0.0,0.0,0.0,0.0,0.0,0.0,0.0,0.0,0.0,0.0,/home/caq/6666_raw/dav2_raw_0603/finetune_stf/analysis/lod_postram_external/0610_1132_lod_postram_ext_minimal/EXT_NOOP_A0/artifacts/000015_lod-0651-0652.npz
EXT_NOOP_A0,none,n_a,0.0,n_a,16,lod-0653-0654,653,654,491451,72.59275012531258,-20.87495064720813,3.043659716707009,391.19900187105657,25.153521347168436,0.2379600518208058,0.03752933179779324,0.2376792980520124,23.76792980520124,0.9329210847063084,0.9664910642159645,0.979902370734824,0.0,0.0,0.0,0.0,0.0,0.0,0.0,0.0,0.0,0.0,0.0,0.0,0.0,0.0,0.0,0.0,
EXT_NOOP_A0,none,n_a,0.0,n_a,17,lod-0655-0656,655,656,491519,79.91226983487692,-28.459511618678025,0.19657772232932683,10.424847021958703,31.789513950915744,1.8469867939379796,0.15256780806559236,1.841421857066402,184.1421857066402,0.8647580256307488,0.9247963964770436,0.9469847554214588,0.0,0.0,0.0,0.0,0.0,0.0,0.0,0.0,0.0,0.0,0.0,0.0,0.0,0.0,0.0,0.0,
EXT_NOOP_A0,none,n_a,0.0,n_a,18,lod-0657-0658,657,658,491494,70.94972104974622,32.22246961760043,0.07168531863102139,3.5924818560057017,24.53565677176173,0.12300390948463151,0.028741923090638756,0.12292924114729,12.292924114728999,0.9376635320064944,0.9835196360484564,0.9957700399191038,0.0,0.0,0.0,0.0,0.0,0.0,0.0,0.0,0.0,0.0,0.0,0.0,0.0,0.0,0.0,0.0,
EXT_NOOP_A0,none,n_a,0.0,n_a,19,lod-0659-0660,659,660,491341,70.53119286093171,-50.435291798742256,0.3234188169737165,6.4327208292765246,20.299424802245685,0.23223814753676977,0.04899052509516328,0.23194987350437002,23.194987350437003,0.8889427098491679,0.9534193157094564,0.9785729259312779,0.0,0.0,0.0,0.0,0.0,0.0,0.0,0.0,0.0,0.0,0.0,0.0,0.0,0.0,0.0,0.0,
EXT_NOOP_A0,none,n_a,0.0,n_a,20,lod-0661-0662,661,662,491520,48.990598508765416,-8.309528565501035,0.36198538601836405,15.297861241041533,59.34563548392642,0.3757643471392756,0.13546037927613577,0.35574158752304613,35.57415875230461,0.38413899739583335,0.7668558756510416,0.9249104817708333,0.0,0.0,0.0,0.0,0.0,0.0,0.0,0.0,0.0,0.0,0.0,0.0,0.0,0.0,0.0,0.0,
EXT_NOOP_A0,none,n_a,0.0,n_a,21,lod-0663-0664,663,664,491520,69.31158013536685,12.0312818205733,1.6023329507750084,202.68334943400833,68.40845529382008,0.8395848817163438,0.19056284129779164,0.8276388249248785,82.76388249248785,0.5003926595052083,0.827325439453125,0.88236083984375,0.0,0.0,0.0,0.0,0.0,0.0,0.0,0.0,0.0,0.0,0.0,0.0,0.0,0.0,0.0,0.0,
EXT_NOOP_A0,none,n_a,0.0,n_a,22,lod-0665-0666,665,666,491520,40.438774888080644,-30.796445325682097,0.28393987738018966,13.850795779416796,69.14742982139278,4.187861968059153,0.5699319415962194,4.115155834599508,411.51558345995085,0.665301513671875,0.7927266438802083,0.8284138997395833,0.0,0.0,0.0,0.0,0.0,0.0,0.0,0.0,0.0,0.0,0.0,0.0,0.0,0.0,0.0,0.0,
EXT_NOOP_A0,none,n_a,0.0,n_a,23,lod-0667-0668,667,668,491520,34.921637129838025,1.8676017918941064,0.07721394579954242,1.4506376438796962,10.652036364922466,0.14343363421050973,0.031201838906567837,0.14320678212017746,14.320678212017746,0.9172383626302083,0.97958984375,0.9919189453125,0.0,0.0,0.0,0.0,0.0,0.0,0.0,0.0,0.0,0.0,0.0,0.0,0.0,0.0,0.0,0.0,
EXT_NOOP_A0,none,n_a,0.0,n_a,24,lod-0669-0670,669,670,491520,59.66507553480798,122.55166458603722,0.1440867736290633,18.067591215526523,34.46217531344204,0.202154137988004,0.032603712839095446,0.2019066309737775,20.19066309737775,0.917291259765625,0.99678955078125,0.9977396647135417,0.0,0.0,0.0,0.0,0.0,0.0,0.0,0.0,0.0,0.0,0.0,0.0,0.0,0.0,0.0,0.0,
EXT_NOOP_A0,none,n_a,0.0,n_a,25,lod-0671-0672,671,672,491520,41.693117445292174,228.1445149059411,0.04830477504800844,3.8336551848592006,31.615352803229932,0.10669718312183253,0.019579810460219102,0.10663257264769276,10.663257264769275,0.9415323893229167,0.9894694010416667,0.9948384602864583,0.0,0.0,0.0,0.0,0.0,0.0,0.0,0.0,0.0,0.0,0.0,0.0,0.0,0.0,0.0,0.0,
EXT_NOOP_A0,none,n_a,0.0,n_a,26,lod-0673-0674,673,674,488476,68.21970538353992,-0.6005490346361594,13.392316886739534,363.1702947649625,30.722389142300592,0.6648179229313907,0.14518162383673333,0.6582599649023828,65.82599649023828,0.6134876636723197,0.7073366961734047,0.8858142467593085,0.0,0.0,0.0,0.0,0.0,0.0,0.0,0.0,0.0,0.0,0.0,0.0,0.0,0.0,0.0,0.0,
EXT_NOOP_A0,none,n_a,0.0,n_a,27,lod-0675-0676,675,676,490780,59.25962574446361,37.538826934782506,0.541543832422734,36.34500291340816,30.12395323014393,0.2730567428153407,0.06544164131308472,0.273056559631952,27.305655963195203,0.8247218713068992,0.9192387627857695,0.9454582501324422,0.0,0.0,0.0,0.0,0.0,0.0,0.0,0.0,0.0,0.0,0.0,0.0,0.0,0.0,0.0,0.0,
EXT_NOOP_A0,none,n_a,0.0,n_a,28,lod-1275-1276,1275,1276,486505,67.28678171634681,-36.90212419336122,2.2075365130285114,216.04885317501743,12.523858938977533,2.464409624617027,0.22530892741921138,2.445646779129908,244.56467791299082,0.8530313151971717,0.8885109094459461,0.911369872868727,0.0,0.0,0.0,0.0,0.0,0.0,0.0,0.0,0.0,0.0,0.0,0.0,0.0,0.0,0.0,0.0,
EXT_NOOP_A0,none,n_a,0.0,n_a,29,lod-1277-1278,1277,1278,484606,62.0352812553874,10.706336569893535,22.634735240337587,594.4943952165866,14.382114577613375,0.560398313449451,0.06594554848918308,0.5558068357764948,55.58068357764948,0.915279629224566,0.928587347247042,0.9423284069945481,0.0,0.0,0.0,0.0,0.0,0.0,0.0,0.0,0.0,0.0,0.0,0.0,0.0,0.0,0.0,0.0,
EXT_NOOP_A0,none,n_a,0.0,n_a,30,lod-1279-1280,1279,1280,489191,68.77989351298173,-9.957639313384975,9.154633680684185,386.6671173684327,19.506801654832366,0.4226936334925162,0.06297294181101024,0.42083863852678943,42.083863852678945,0.856538652591728,0.9243097276932731,0.9570699379179094,0.0,0.0,0.0,0.0,0.0,0.0,0.0,0.0,0.0,0.0,0.0,0.0,0.0,0.0,0.0,0.0,
EXT_NOOP_A0,none,n_a,0.0,n_a,31,lod-1281-1282,1281,1282,484821,66.45604955681831,-16.45826858266404,0.9381497437097637,38.36879668540658,19.47623912546374,0.47691923213047,0.02734115241380442,0.47691920090636303,47.6919200906363,0.9669259376140885,0.9813415673000964,0.9891485723596957,0.0,0.0,0.0,0.0,0.0,0.0,0.0,0.0,0.0,0.0,0.0,0.0,0.0,0.0,0.0,0.0,
EXT_NOOP_A0,none,n_a,0.0,n_a,32,lod-1283-1284,1283,1284,491520,75.75688544658058,-8.26956699434972,0.06217283190987708,2.4787522429647004,23.52715586684674,0.11833025299072146,0.02584431573986925,0.11830865598345737,11.830865598345737,0.9710713704427083,0.9875732421875,0.99075927734375,0.0,0.0,0.0,0.0,0.0,0.0,0.0,0.0,0.0,0.0,0.0,0.0,0.0,0.0,0.0,0.0,
EXT_NOOP_A0,none,n_a,0.0,n_a,33,lod-1285-1286,1285,1286,487246,61.31514164185492,54.428812626722205,0.6402595872426634,44.461001195918186,16.089190184907565,0.19886394979621336,0.020047478464605938,0.19849941354352404,19.849941354352403,0.968445097548261,0.9794477532909455,0.9825447515218185,0.0,0.0,0.0,0.0,0.0,0.0,0.0,0.0,0.0,0.0,0.0,0.0,0.0,0.0,0.0,0.0,
EXT_NOOP_A0,none,n_a,0.0,n_a,34,lod-1287-1288,1287,1288,486635,69.1947436631156,-28.975252758629523,4.994378948144458,252.91829477918972,12.457471597024261,1.4323754975315812,0.12080169446521899,1.4317149334665873,143.17149334665874,0.8178532164764145,0.888378353386008,0.9346573920905812,0.0,0.0,0.0,0.0,0.0,0.0,0.0,0.0,0.0,0.0,0.0,0.0,0.0,0.0,0.0,0.0,
EXT_NOOP_A0,none,n_a,0.0,n_a,35,lod-1289-1290,1289,1290,490267,70.71087565399631,-26.87621046285981,3.9868501259277003,230.95520693267187,23.74512690338238,0.43211235384536845,0.06466707499309407,0.4297328522894429,42.97328522894429,0.8691978044616505,0.8876041014386039,0.9374687670187877,0.0,0.0,0.0,0.0,0.0,0.0,0.0,0.0,0.0,0.0,0.0,0.0,0.0,0.0,0.0,0.0,
EXT_NOOP_A0,none,n_a,0.0,n_a,36,lod-1291-1292,1291,1292,481274,58.48924623905171,36.01444827228912,1.1849519370842767,50.84330638949852,12.115438069021003,0.1298515396710213,0.014460708989310646,0.12977377977338447,12.977377977338447,0.986984545186318,0.9912461508413087,0.9955638575946343,0.0,0.0,0.0,0.0,0.0,0.0,0.0,0.0,0.0,0.0,0.0,0.0,0.0,0.0,0.0,0.0,
EXT_NOOP_A0,none,n_a,0.0,n_a,37,lod-1293-1294,1293,1294,491453,61.91446829624328,12.724623926026505,0.14130074717621943,7.381257418714497,23.336523303647176,0.17539371405932158,0.025831323899174696,0.1751329591715293,17.51329591715293,0.9307685577257642,0.9662978962382974,0.9902208349526811,0.0,0.0,0.0,0.0,0.0,0.0,0.0,0.0,0.0,0.0,0.0,0.0,0.0,0.0,0.0,0.0,
EXT_NOOP_A0,none,n_a,0.0,n_a,38,lod-1295-1296,1295,1296,487262,68.4733438356207,-4.919357285150632,6.420901022200879,812.5932647795327,19.94002299243062,0.5581610240662801,0.08171140014377395,0.5519501945473134,55.195019454731344,0.8347459888109477,0.8901884407156725,0.9210794192857231,0.0,0.0,0.0,0.0,0.0,0.0,0.0,0.0,0.0,0.0,0.0,0.0,0.0,0.0,0.0,0.0,
EXT_NOOP_A0,none,n_a,0.0,n_a,39,lod-1297-1298,1297,1298,486500,65.1773340837975,-18.103025958363013,9.102008583780036,154.23862355250012,17.165984154726562,0.5916664628977033,0.10102420887229463,0.5811176372929677,58.111763729296776,0.8347358684480987,0.8564974306269271,0.8836526207605344,0.0,0.0,0.0,0.0,0.0,0.0,0.0,0.0,0.0,0.0,0.0,0.0,0.0,0.0,0.0,0.0,
EXT_NOOP_A0,none,n_a,0.0,n_a,40,lod-1299-1300,1299,1300,486639,74.51442142196379,-41.50443514152226,3.230156358278187,79.77666924309393,11.401782381532291,0.39336775430543797,0.05594752532308964,0.3910509844679851,39.10509844679851,0.8938104015502251,0.9315303541228713,0.9469257498885211,0.0,0.0,0.0,0.0,0.0,0.0,0.0,0.0,0.0,0.0,0.0,0.0,0.0,0.0,0.0,0.0,
EXT_NOOP_A0,none,n_a,0.0,n_a,41,lod-1301-1302,1301,1302,490983,74.20136181130161,-31.64725246542709,3.485944534068963,152.42717918650212,21.773931127517983,1.629904316834629,0.1435305950353382,1.62884075979933,162.884075979933,0.853176179215981,0.8828187533987939,0.9064631565655022,0.0,0.0,0.0,0.0,0.0,0.0,0.0,0.0,0.0,0.0,0.0,0.0,0.0,0.0,0.0,0.0,
EXT_NOOP_A0,none,n_a,0.0,n_a,42,lod-1903-1904,1903,1904,484034,61.81100219228479,-15.50187470572479,2.1366187066734064,120.16571413937548,9.862677798998211,1.3687838233964125,0.10828745568955513,1.3664281760587587,136.64281760587588,0.8476904514972089,0.9138572910167467,0.9431651495556097,0.0,0.0,0.0,0.0,0.0,0.0,0.0,0.0,0.0,0.0,0.0,0.0,0.0,0.0,0.0,0.0,
EXT_NOOP_A0,none,n_a,0.0,n_a,43,lod-1905-1906,1905,1906,491520,56.01010062942683,10.9100581058366,0.16057007386173952,10.022109190765772,38.014660504926404,0.225830004607252,0.06148081409664998,0.22569213936815458,22.56921393681546,0.8320841471354167,0.9021728515625,0.9823710123697916,0.0,0.0,0.0,0.0,0.0,0.0,0.0,0.0,0.0,0.0,0.0,0.0,0.0,0.0,0.0,0.0,
EXT_NOOP_A0,none,n_a,0.0,n_a,44,lod-1907-1908,1907,1908,462906,68.40641154666298,18.252816963769437,22.290403890221206,888.1785452654652,32.601346862945455,0.5357431696779603,0.09231786815852173,0.5319731877926234,53.19731877926234,0.8037160892276186,0.9177262770411272,0.9468012944312668,0.0,0.0,0.0,0.0,0.0,0.0,0.0,0.0,0.0,0.0,0.0,0.0,0.0,0.0,0.0,0.0,
EXT_NOOP_A0,none,n_a,0.0,n_a,45,lod-1909-1910,1909,1910,437156,52.40445956893785,-12.759338017852805,3.9364682117517673,100.35838382162154,9.9837427302186,0.5315681766868711,0.05012767315757506,0.5312972349621097,53.12972349621097,0.8946531672903952,0.9447314002324113,0.9675127414469892,0.0,0.0,0.0,0.0,0.0,0.0,0.0,0.0,0.0,0.0,0.0,0.0,0.0,0.0,0.0,0.0,
EXT_NOOP_A0,none,n_a,0.0,n_a,46,lod-1911-1912,1911,1912,428979,66.02339851033194,-11.74538947840735,0.4777006532194545,4.9849424120741626,9.33567056674269,0.6291504440190806,0.04330612888022462,0.6290331096262489,62.90331096262489,0.9193760067509132,0.9694227456355673,0.980453588637206,0.0,0.0,0.0,0.0,0.0,0.0,0.0,0.0,0.0,0.0,0.0,0.0,0.0,0.0,0.0,0.0,
EXT_NOOP_A0,none,n_a,0.0,n_a,47,lod-1913-1914,1913,1914,475736,68.12266216139935,-5.05653597376594,1.082604076130438,15.824186346341387,13.64172470526805,0.60966812151511,0.06508557662519296,0.6076214470053596,60.762144700535956,0.8560882506263978,0.9002408899053257,0.9453793700707955,0.0,0.0,0.0,0.0,0.0,0.0,0.0,0.0,0.0,0.0,0.0,0.0,0.0,0.0,0.0,0.0,
EXT_NOOP_A0,none,n_a,0.0,n_a,48,lod-1915-1916,1915,1916,407744,43.78630071050236,-7.759270052532439,1.6321564662640946,13.723789455070348,6.594680642449898,0.4678634710377659,0.05425477583776836,0.4670690186106972,46.706901861069724,0.8755886046146601,0.9070249960759692,0.9467656176424423,0.0,0.0,0.0,0.0,0.0,0.0,0.0,0.0,0.0,0.0,0.0,0.0,0.0,0.0,0.0,0.0,
EXT_NOOP_A0,none,n_a,0.0,n_a,49,lod-1917-1918,1917,1918,452771,69.63221838744421,-12.115634863656009,7.901440460289922,597.8968213174613,14.30279561003888,0.471316346779161,0.04930838767397298,0.47109224283452295,47.10922428345229,0.9069927181732046,0.9475628960335357,0.9656426758780929,0.0,0.0,0.0,0.0,0.0,0.0,0.0,0.0,0.0,0.0,0.0,0.0,0.0,0.0,0.0,0.0,
EXT_NOOP_A0,none,n_a,0.0,n_a,50,lod-1919-1920,1919,1920,489020,71.98610667505976,-5.866017612825505,1.4154861741708322,44.040152985106,8.30987797915674,0.25316401842542813,0.041621636108310614,0.2503371912852039,25.03371912852039,0.8617336714244817,0.9482250214715144,0.9841887857347348,0.0,0.0,0.0,0.0,0.0,0.0,0.0,0.0,0.0,0.0,0.0,0.0,0.0,0.0,0.0,0.0,
EXT_NOOP_A0,none,n_a,0.0,n_a,51,lod-1921-1922,1921,1922,438178,71.80564404843176,-14.303907654818358,33.73809175180369,474.99041143522356,11.203656123709345,0.9358744681154056,0.0616110028536308,0.9358600252578413,93.58600252578412,0.9243321207363218,0.9541122557499464,0.967889761695019,0.0,0.0,0.0,0.0,0.0,0.0,0.0,0.0,0.0,0.0,0.0,0.0,0.0,0.0,0.0,0.0,
EXT_NOOP_A0,none,n_a,0.0,n_a,52,lod-1923-1924,1923,1924,491520,68.79984886086325,47.22071915775722,0.04990940787735799,1.233625796727289,12.318525684489304,0.09767693527970515,0.02033744389524432,0.09760743882470123,9.760743882470123,0.9668599446614583,0.9931050618489583,0.9957763671875,0.0,0.0,0.0,0.0,0.0,0.0,0.0,0.0,0.0,0.0,0.0,0.0,0.0,0.0,0.0,0.0,
EXT_NOOP_A0,none,n_a,0.0,n_a,53,lod-1925-1926,1925,1926,491274,67.86795177461482,63.12708832925519,0.08762043182910162,5.975893289926383,13.026501670684356,0.09723532785234391,0.016596805068765985,0.09721542413490789,9.721542413490788,0.994593648351022,0.9991104760276343,0.9993873072867687,0.0,0.0,0.0,0.0,0.0,0.0,0.0,0.0,0.0,0.0,0.0,0.0,0.0,0.0,0.0,0.0,
EXT_NOOP_A0,none,n_a,0.0,n_a,54,lod-1927-1928,1927,1928,491520,70.63258947184917,-89.08608656580236,0.30491705641277445,12.02781903430006,29.347626990710342,0.3787799275652971,0.10477567997275686,0.37503513671464983,37.50351367146499,0.717791748046875,0.8184549967447917,0.88843994140625,0.0,0.0,0.0,0.0,0.0,0.0,0.0,0.0,0.0,0.0,0.0,0.0,0.0,0.0,0.0,0.0,
EXT_NOOP_A0,none,n_a,0.0,n_a,55,lod-1929-1930,1929,1930,491520,67.36850559766347,57.72992142739307,0.020050897775150144,0.2798298070949917,7.795694868109265,0.03848978620523584,0.008699051059842922,0.03848976534852523,3.848976534852523,0.9958964029947917,0.9985819498697917,0.9997314453125,0.0,0.0,0.0,0.0,0.0,0.0,0.0,0.0,0.0,0.0,0.0,0.0,0.0,0.0,0.0,0.0,
EXT_NOOP_A0,none,n_a,0.0,n_a,56,lod-2531-2532,2531,2532,491520,62.91369293668598,110.72818380234006,0.04142217790259097,1.8766126376073848,19.257482758831685,0.08160100903933193,0.01672139370732686,0.0815951926529603,8.15951926529603,0.967828369140625,0.9931355794270833,0.9997416178385417,0.0,0.0,0.0,0.0,0.0,0.0,0.0,0.0,0.0,0.0,0.0,0.0,0.0,0.0,0.0,0.0,
EXT_NOOP_A0,none,n_a,0.0,n_a,57,lod-2533-2534,2533,2534,457192,70.35033709404608,-16.691160053242935,15.547965592746998,190.1512340010015,17.49547973902918,0.9669166650567023,0.0863240344064931,0.9668454775562186,96.68454775562186,0.8807700047244921,0.9454124306637036,0.9572520953997445,0.0,0.0,0.0,0.0,0.0,0.0,0.0,0.0,0.0,0.0,0.0,0.0,0.0,0.0,0.0,0.0,
EXT_NOOP_A0,none,n_a,0.0,n_a,58,lod-2535-2536,2535,2536,486275,53.25778439139615,0.27681535712765554,2.1036415463121476,104.47324471020865,21.25582595520972,0.42928158372311787,0.08406885314202601,0.4275821342236159,42.75821342236159,0.7541226672150532,0.8913372063133,0.9512785975014139,0.0,0.0,0.0,0.0,0.0,0.0,0.0,0.0,0.0,0.0,0.0,0.0,0.0,0.0,0.0,0.0,
EXT_NOOP_A0,none,n_a,0.0,n_a,59,lod-2537-2538,2537,2538,491520,62.82230658268803,15.784239422459132,0.05785425980510918,1.5362579090587352,14.953468017245683,0.12254630319749672,0.02254603412824603,0.12226158211745272,12.226158211745272,0.9590677897135417,0.9843404134114583,0.9906148274739583,0.0,0.0,0.0,0.0,0.0,0.0,0.0,0.0,0.0,0.0,0.0,0.0,0.0,0.0,0.0,0.0,
EXT_NOOP_A0,none,n_a,0.0,n_a,60,lod-2539-2540,2539,2540,482416,62.9819805387945,19.68836171596883,2.3956468629204624,106.07236683258571,18.09850990832822,0.28208783013463207,0.0405819777576815,0.28154482167200173,28.15448216720017,0.920947895592186,0.9709835494676794,0.9837816324500016,0.0,0.0,0.0,0.0,0.0,0.0,0.0,0.0,0.0,0.0,0.0,0.0,0.0,0.0,0.0,0.0,
EXT_NOOP_A0,none,n_a,0.0,n_a,61,lod-2541-2542,2541,2542,491288,65.65588535440068,-22.97711991867312,0.3389999145418512,6.147902873972907,14.667372727360435,0.3390441543885831,0.06593463831500042,0.338000524801455,33.800052480145496,0.808765937698458,0.923212046701731,0.9564389930142808,0.0,0.0,0.0,0.0,0.0,0.0,0.0,0.0,0.0,0.0,0.0,0.0,0.0,0.0,0.0,0.0,
EXT_NOOP_A0,none,n_a,0.0,n_a,62,lod-2543-2544,2543,2544,466723,58.756448877989136,1.0287953029014993,8.912507863183647,307.1367046081568,12.553719380805271,0.32084726455521645,0.04882756483020119,0.3184123602315321,31.841236023153208,0.8644677892454411,0.9514337197866829,0.9774062988110721,0.0,0.0,0.0,0.0,0.0,0.0,0.0,0.0,0.0,0.0,0.0,0.0,0.0,0.0,0.0,0.0,
EXT_NOOP_A0,none,n_a,0.0,n_a,63,lod-2545-2546,2545,2546,491520,60.801229025738614,18.669379369358744,0.08287406104044774,3.575532047393756,21.267580708409625,0.15974678729888375,0.0323571020115773,0.15941684296480824,15.941684296480824,0.9100362141927083,0.9665079752604167,0.9875,0.0,0.0,0.0,0.0,0.0,0.0,0.0,0.0,0.0,0.0,0.0,0.0,0.0,0.0,0.0,0.0,
EXT_NOOP_A0,none,n_a,0.0,n_a,64,lod-2547-2548,2547,2548,490987,62.98895512409491,-4.086935505144898,1.4154365619281224,110.95500788908012,30.281921403684123,0.6815949907098695,0.09411393350597483,0.6808802704764142,68.08802704764142,0.7798536417461155,0.88600105501775,0.9258493605737016,0.0,0.0,0.0,0.0,0.0,0.0,0.0,0.0,0.0,0.0,0.0,0.0,0.0,0.0,0.0,0.0,
EXT_NOOP_A0,none,n_a,0.0,n_a,65,lod-2549-2550,2549,2550,491520,69.04070223701886,35.102441944220026,0.07892715465697168,6.734179715051146,9.361318165290323,0.14681014112025595,0.014573987215799084,0.14670889772482557,14.670889772482557,0.9866414388020833,0.994158935546875,0.9962992350260417,0.0,0.0,0.0,0.0,0.0,0.0,0.0,0.0,0.0,0.0,0.0,0.0,0.0,0.0,0.0,0.0,
EXT_NOOP_A0,none,n_a,0.0,n_a,66,lod-2551-2552,2551,2552,491520,74.98125753278264,-14.105567280197231,0.2244276632847501,5.6514878265482,16.867187128327952,0.3395829450829303,0.05722372545826149,0.33709941168157637,33.709941168157634,0.8633544921875,0.92398681640625,0.9449666341145834,0.0,0.0,0.0,0.0,0.0,0.0,0.0,0.0,0.0,0.0,0.0,0.0,0.0,0.0,0.0,0.0,
EXT_NOOP_A0,none,n_a,0.0,n_a,67,lod-2553-2554,2553,2554,491520,63.66016067384392,18.287606115324206,0.10571701734288601,5.697810642410717,29.18311416658752,0.17237326954759694,0.04185097772281866,0.1722473656139197,17.22473656139197,0.9032368977864583,0.9712015787760416,0.9867777506510417,0.0,0.0,0.0,0.0,0.0,0.0,0.0,0.0,0.0,0.0,0.0,0.0,0.0,0.0,0.0,0.0,
EXT_NOOP_A0,none,n_a,0.0,n_a,68,lod-2555-2556,2555,2556,491520,59.54222346776059,51.05525115679157,0.07777601635199641,3.9493654627437382,29.848040713072237,0.12794872139257685,0.03122059780077815,0.1275878671998612,12.758786719986121,0.9360921223958333,0.9891703287760417,0.9936279296875,0.0,0.0,0.0,0.0,0.0,0.0,0.0,0.0,0.0,0.0,0.0,0.0,0.0,0.0,0.0,0.0,
EXT_NOOP_A0,none,n_a,0.0,n_a,69,lod-2557-2558,2557,2558,491520,49.038260438167526,73.760850790066,0.03054335208404115,0.5672401501542036,11.366308534619561,0.05185261847691532,0.013223290327997154,0.0518405451130424,5.1840545113042396,0.989990234375,0.9996236165364584,1.0,0.0,0.0,0.0,0.0,0.0,0.0,0.0,0.0,0.0,0.0,0.0,0.0,0.0,0.0,0.0,0.0,
EXT_NOOP_A0,none,n_a,0.0,n_a,70,lod-3159-3160,3159,3160,491520,67.19202362402565,-11.352346068562632,0.12912730966704547,7.484305012358546,25.118065599914463,0.7493037586911235,0.06060246062413418,0.748580845374188,74.8580845374188,0.9032816569010417,0.968658447265625,0.9848775227864583,0.0,0.0,0.0,0.0,0.0,0.0,0.0,0.0,0.0,0.0,0.0,0.0,0.0,0.0,0.0,0.0,
EXT_NOOP_A0,none,n_a,0.0,n_a,71,lod-3161-3162,3161,3162,491520,67.25123739191976,10.079366966267237,0.050089019148054616,1.0148169949725019,13.406255232983078,0.08710190222483664,0.02125248287413835,0.08708572081048278,8.708572081048278,0.9590250651041666,0.996966552734375,0.99903564453125,0.0,0.0,0.0,0.0,0.0,0.0,0.0,0.0,0.0,0.0,0.0,0.0,0.0,0.0,0.0,0.0,
EXT_NOOP_A0,none,n_a,0.0,n_a,72,lod-3163-3164,3163,3164,491520,67.83767415768455,-11.273948376708727,0.10703011202430059,2.534531876564726,14.06691722083025,0.19340615968030447,0.03907443976909251,0.1923563685167046,19.23563685167046,0.8733784993489583,0.9441609700520833,0.9847920735677084,0.0,0.0,0.0,0.0,0.0,0.0,0.0,0.0,0.0,0.0,0.0,0.0,0.0,0.0,0.0,0.0,
EXT_NOOP_A0,none,n_a,0.0,n_a,73,lod-3165-3166,3165,3166,491520,66.60842544045316,27.607503255612002,0.0785918045906398,1.784006970256675,12.001408487439765,0.14852014643525496,0.032238331429169605,0.14851915088461706,14.851915088461705,0.8838399251302084,0.97156982421875,0.995867919921875,0.0,0.0,0.0,0.0,0.0,0.0,0.0,0.0,0.0,0.0,0.0,0.0,0.0,0.0,0.0,0.0,
EXT_NOOP_A0,none,n_a,0.0,n_a,74,lod-3167-3168,3167,3168,489473,61.60072977708283,6.9959439691923055,3.0597725123934705,91.94819003440732,12.628407984754308,0.2321436714054666,0.040676461796486534,0.23153865202340812,23.15386520234081,0.9058068575794783,0.9632134969651033,0.9907798795847779,0.0,0.0,0.0,0.0,0.0,0.0,0.0,0.0,0.0,0.0,0.0,0.0,0.0,0.0,0.0,0.0,
EXT_NOOP_A0,none,n_a,0.0,n_a,75,lod-3169-3170,3169,3170,491058,73.17778569325621,0.5120618899184476,0.10351054711525326,5.233130101836162,12.617320181700242,0.1681253984313103,0.026461863281731345,0.1679071680614823,16.79071680614823,0.955172301438934,0.972052181208737,0.9841627669236628,0.0,0.0,0.0,0.0,0.0,0.0,0.0,0.0,0.0,0.0,0.0,0.0,0.0,0.0,0.0,0.0,
EXT_NOOP_A0,none,n_a,0.0,n_a,76,lod-3171-3172,3171,3172,491520,69.2841953501971,1.4639340281935647,0.043308378879406,0.7900407313367418,10.18864823842708,0.08691999054507937,0.01878226914943809,0.08691498304390315,8.691498304390315,0.9539326985677083,0.99835205078125,0.9999674479166667,0.0,0.0,0.0,0.0,0.0,0.0,0.0,0.0,0.0,0.0,0.0,0.0,0.0,0.0,0.0,0.0,
EXT_NOOP_A0,none,n_a,0.0,n_a,77,lod-3173-3174,3173,3174,491520,78.5674207474236,-50.323920025616566,0.20946653492730316,5.586569223713902,19.046745356934686,1.8113165256950892,0.16964612076330388,1.8056925767454657,180.56925767454658,0.690081787109375,0.8185201009114583,0.921575927734375,0.0,0.0,0.0,0.0,0.0,0.0,0.0,0.0,0.0,0.0,0.0,0.0,0.0,0.0,0.0,0.0,
EXT_NOOP_A0,none,n_a,0.0,n_a,78,lod-3175-3176,3175,3176,491520,31.964085208230962,-0.32579525723699393,0.1354539843657527,2.2276443984100203,14.454316940395685,0.1892688466043643,0.0507334952813819,0.18570788416845715,18.570788416845716,0.8756368001302083,0.952093505859375,0.9899271647135417,0.0,0.0,0.0,0.0,0.0,0.0,0.0,0.0,0.0,0.0,0.0,0.0,0.0,0.0,0.0,0.0,
EXT_NOOP_A0,none,n_a,0.0,n_a,79,lod-3177-3178,3177,3178,478245,69.63929636558656,-19.723668503918397,0.04958161251510059,0.44836704945435657,6.2183050635652295,1.0772763215486094,0.05106474394386882,1.0753476854162871,107.53476854162871,0.966638438457276,0.973850223211952,0.980290436909952,0.0,0.0,0.0,0.0,0.0,0.0,0.0,0.0,0.0,0.0,0.0,0.0,0.0,0.0,0.0,0.0,
EXT_NOOP_A0,none,n_a,0.0,n_a,80,lod-3179-3180,3179,3180,491520,74.88431405803128,-41.61927155416506,0.021628868625737954,0.17476525873110285,5.047210678095398,0.04425799427420763,0.009517643040298448,0.04409748707036287,4.409748707036288,0.9922281901041666,0.9992167154947916,0.9999918619791667,0.0,0.0,0.0,0.0,0.0,0.0,0.0,0.0,0.0,0.0,0.0,0.0,0.0,0.0,0.0,0.0,
EXT_NOOP_A0,none,n_a,0.0,n_a,81,lod-3181-3182,3181,3182,491520,67.84230605925192,42.94401724978372,0.029112287977826137,0.4899311218873644,10.593035859117714,0.0467572432727196,0.012482289485347912,0.046756546302966925,4.675654630296693,0.993280029296875,0.9983072916666667,0.99998779296875,0.0,0.0,0.0,0.0,0.0,0.0,0.0,0.0,0.0,0.0,0.0,0.0,0.0,0.0,0.0,0.0,
EXT_NOOP_A0,none,n_a,0.0,n_a,82,lod-3183-3184,3183,3184,491520,69.18635755356787,25.325837779835577,0.04453434310361145,1.174454158837988,15.513422418761165,0.10704113897536777,0.015091480614773877,0.10696620150652549,10.69662015065255,0.982598876953125,0.9925944010416666,0.995721435546875,0.0,0.0,0.0,0.0,0.0,0.0,0.0,0.0,0.0,0.0,0.0,0.0,0.0,0.0,0.0,0.0,
EXT_NOOP_A0,none,n_a,0.0,n_a,83,lod-3185-3186,3185,3186,491520,59.61110166998178,-33.256386892010816,0.13668962584529207,4.89440273124896,22.335257700685546,0.20192947182885543,0.054657066300236846,0.20140721704451842,20.140721704451842,0.8370930989583333,0.9427490234375,0.9829264322916667,0.0,0.0,0.0,0.0,0.0,0.0,0.0,0.0,0.0,0.0,0.0,0.0,0.0,0.0,0.0,0.0,
EXT_NOOP_A0,none,n_a,0.0,n_a,84,lod-3785-3786,3785,3786,491520,61.85227642831519,-6.758637981093698,0.1426212041061561,4.140810219496072,26.052252723482482,2.017113224412677,0.17057885175168877,2.007162247736673,200.7162247736673,0.8847819010416667,0.9276407877604167,0.9425862630208334,0.0,0.0,0.0,0.0,0.0,0.0,0.0,0.0,0.0,0.0,0.0,0.0,0.0,0.0,0.0,0.0,
EXT_NOOP_A0,none,n_a,0.0,n_a,85,lod-3787-3788,3787,3788,491505,73.30514334488691,-8.06296189985625,0.10491828750522994,2.81128816272579,15.799894496164736,0.19177636118569014,0.044335795876861164,0.19173519787799442,19.173519787799442,0.8679118218532873,0.9494694865769423,0.9865616829940692,0.0,0.0,0.0,0.0,0.0,0.0,0.0,0.0,0.0,0.0,0.0,0.0,0.0,0.0,0.0,0.0,
EXT_NOOP_A0,none,n_a,0.0,n_a,86,lod-3789-3790,3789,3790,491502,67.9408532003446,7.455990466269321,0.3111999020867633,17.836832649519,30.987560867273793,0.30225583713072046,0.07463811534439897,0.29999937536994437,29.999937536994437,0.77317081110555,0.8712782450529194,0.9403379843825661,0.0,0.0,0.0,0.0,0.0,0.0,0.0,0.0,0.0,0.0,0.0,0.0,0.0,0.0,0.0,0.0,
EXT_NOOP_A0,none,n_a,0.0,n_a,87,lod-3791-3792,3791,3792,491520,75.9474735895436,-21.90120244920074,0.2036124317942069,11.010850270541052,32.22761266472877,1.1314127514576793,0.10190920488095064,1.1309575064989534,113.09575064989534,0.7746724446614583,0.906671142578125,0.9564737955729167,0.0,0.0,0.0,0.0,0.0,0.0,0.0,0.0,0.0,0.0,0.0,0.0,0.0,0.0,0.0,0.0,
EXT_NOOP_A0,none,n_a,0.0,n_a,88,lod-3793-3794,3793,3794,491520,59.40336314149837,160.60668465790152,0.1924226942807285,21.05576700277983,62.35080678538331,0.27394585855935155,0.06664040750405542,0.272979196037601,27.2979196037601,0.7956746419270834,0.9194193522135417,0.9596883138020833,0.0,0.0,0.0,0.0,0.0,0.0,0.0,0.0,0.0,0.0,0.0,0.0,0.0,0.0,0.0,0.0,
EXT_NOOP_A0,none,n_a,0.0,n_a,89,lod-3795-3796,3795,3796,491520,47.99779071476881,-8.350176692974983,0.26296304881638194,12.727067719280193,46.99306234945589,0.33253392237652357,0.10139761481128597,0.3305242714306737,33.05242714306737,0.6275960286458333,0.8890279134114584,0.95625,0.0,0.0,0.0,0.0,0.0,0.0,0.0,0.0,0.0,0.0,0.0,0.0,0.0,0.0,0.0,0.0,
EXT_NOOP_A0,none,n_a,0.0,n_a,90,lod-3797-3798,3797,3798,491520,50.338480916635746,67.78179191161719,0.08026380354592363,3.5764524580257526,27.163287420925464,0.1224711661735751,0.03362357131026694,0.122430869158532,12.243086915853201,0.918463134765625,0.9887919108072917,0.9976521809895833,0.0,0.0,0.0,0.0,0.0,0.0,0.0,0.0,0.0,0.0,0.0,0.0,0.0,0.0,0.0,0.0,
EXT_NOOP_A0,none,n_a,0.0,n_a,91,lod-3799-3800,3799,3800,491477,87.67399734017482,8.408700745174224,0.4837837794770098,21.19631380877693,39.55268069533484,0.4807330602880538,0.11981369753826447,0.47052776697679133,47.052776697679136,0.7129224765350158,0.8222602481906579,0.8605692636684932,0.0,0.0,0.0,0.0,0.0,0.0,0.0,0.0,0.0,0.0,0.0,0.0,0.0,0.0,0.0,0.0,
EXT_NOOP_A0,none,n_a,0.0,n_a,92,lod-3801-3802,3801,3802,491520,59.95148259106528,-3.1020276774603674,0.10571995969470337,5.186660655048828,27.26042534892116,0.17557192705853583,0.04153963530874279,0.1754186307124962,17.54186307124962,0.9038981119791667,0.9702677408854167,0.985479736328125,0.0,0.0,0.0,0.0,0.0,0.0,0.0,0.0,0.0,0.0,0.0,0.0,0.0,0.0,0.0,0.0,
EXT_NOOP_A0,none,n_a,0.0,n_a,93,lod-3803-3804,3803,3804,491520,77.6135146673299,-3.788190511786403,0.45453206035388527,41.46665317779196,27.567333076782123,0.4837734919239417,0.07663610496787601,0.48146633193764793,48.14663319376479,0.8886576334635417,0.9345052083333333,0.9373291015625,0.0,0.0,0.0,0.0,0.0,0.0,0.0,0.0,0.0,0.0,0.0,0.0,0.0,0.0,0.0,0.0,
EXT_NOOP_A0,none,n_a,0.0,n_a,94,lod-3805-3806,3805,3806,488576,67.4953817614501,-24.21810876242704,13.995874553516945,397.4892401565334,28.84404699623282,0.5575958266635227,0.10927367589586066,0.5526216609540879,55.262166095408794,0.7526362326434373,0.8543788479172125,0.8933553838092743,0.0,0.0,0.0,0.0,0.0,0.0,0.0,0.0,0.0,0.0,0.0,0.0,0.0,0.0,0.0,0.0,
EXT_NOOP_A0,none,n_a,0.0,n_a,95,lod-3807-3808,3807,3808,491520,54.97901318598388,0.427301733921993,0.6006561843838554,24.505921281995494,44.70369907392046,0.5655007962084493,0.17699998318633653,0.5537307132067779,55.373071320677795,0.313079833984375,0.750177001953125,0.8388631184895833,0.0,0.0,0.0,0.0,0.0,0.0,0.0,0.0,0.0,0.0,0.0,0.0,0.0,0.0,0.0,0.0,
EXT_NOOP_A0,none,n_a,0.0,n_a,96,lod-3809-3810,3809,3810,485124,57.30675748299297,28.683026700679612,82.85838332589904,7728.132214125919,40.21880346890645,0.6573604313957102,0.14941583644743878,0.649888510449564,64.98885104495639,0.6160569256519982,0.8011869130366669,0.8663599409635475,0.0,0.0,0.0,0.0,0.0,0.0,0.0,0.0,0.0,0.0,0.0,0.0,0.0,0.0,0.0,0.0,
EXT_NOOP_A0,none,n_a,0.0,n_a,97,lod-3811-3812,3811,3812,491520,57.65136448910589,34.54779631140894,0.22155599792555739,11.245988705608141,38.08532350868199,0.3049879306948011,0.08236680699282663,0.30327064811563254,30.327064811563254,0.7423828125,0.8479390462239583,0.9246337890625,0.0,0.0,0.0,0.0,0.0,0.0,0.0,0.0,0.0,0.0,0.0,0.0,0.0,0.0,0.0,0.0,
EXT_NOOP_A0,none,n_a,0.0,n_a,98,lod-4413-4414,4413,4414,491520,64.34067606772871,-21.23732956049752,0.12480595219718334,3.838132841081259,20.304732993722013,0.18464417950397885,0.0508907651365254,0.18402972476153343,18.40297247615334,0.8891255696614583,0.967608642578125,0.9857462565104167,0.0,0.0,0.0,0.0,0.0,0.0,0.0,0.0,0.0,0.0,0.0,0.0,0.0,0.0,0.0,0.0,
EXT_NOOP_A0,none,n_a,0.0,n_a,99,lod-4415-4416,4415,4416,491520,39.98014843886137,-12.891345441702866,0.1631216756312411,5.080518498377068,27.628174843622137,0.23493450186775283,0.06652481694176691,0.23493359529740632,23.49335952974063,0.7501993815104167,0.943798828125,0.9768025716145833,0.0,0.0,0.0,0.0,0.0,0.0,0.0,0.0,0.0,0.0,0.0,0.0,0.0,0.0,0.0,0.0,
EXT_NOOP_A0,none,n_a,0.0,n_a,100,lod-4417-4418,4417,4418,491520,42.1534109295321,0.036915099478744245,0.2341982441963704,6.011284686133204,23.09146492232525,0.2935002942621334,0.08272010895985706,0.2854943324005373,28.54943324005373,0.729254150390625,0.8773173014322917,0.9605611165364584,0.0,0.0,0.0,0.0,0.0,0.0,0.0,0.0,0.0,0.0,0.0,0.0,0.0,0.0,0.0,0.0,
EXT_NOOP_A0,none,n_a,0.0,n_a,101,lod-4419-4420,4419,4420,491520,71.61892966384022,10.198079477428454,0.06261378831933258,2.166713512661355,20.33191388012828,0.10264225952836885,0.026566899949532603,0.10262689986248257,10.262689986248256,0.9533528645833333,0.9929728190104167,0.9996317545572917,0.0,0.0,0.0,0.0,0.0,0.0,0.0,0.0,0.0,0.0,0.0,0.0,0.0,0.0,0.0,0.0,
EXT_NOOP_A0,none,n_a,0.0,n_a,102,lod-4421-4422,4421,4422,491520,71.39557159983244,-25.201892890030923,0.08541444134227257,2.7949529854319506,18.61903106004926,0.14301572203335994,0.0350450279451125,0.14297000110066121,14.297000110066122,0.9331624348958333,0.9837870279947917,0.9924397786458333,0.0,0.0,0.0,0.0,0.0,0.0,0.0,0.0,0.0,0.0,0.0,0.0,0.0,0.0,0.0,0.0,
EXT_NOOP_A0,none,n_a,0.0,n_a,103,lod-4423-4424,4423,4424,491520,73.0219810179288,-39.88276915144949,0.10382782495061303,2.8299193503030673,20.56880286518459,0.21419088678577713,0.047714655562233976,0.21387069504366762,21.387069504366764,0.881597900390625,0.97120361328125,0.9868937174479167,0.0,0.0,0.0,0.0,0.0,0.0,0.0,0.0,0.0,0.0,0.0,0.0,0.0,0.0,0.0,0.0,
EXT_NOOP_A0,none,n_a,0.0,n_a,104,lod-4425-4426,4425,4426,491520,64.51564448351485,35.72769719767299,0.05177156143145458,1.1503127564780697,15.030890699391742,0.07630170594145459,0.021842602665353806,0.07620938081999849,7.620938081999849,0.9789896647135417,0.9965189615885417,0.999853515625,0.0,0.0,0.0,0.0,0.0,0.0,0.0,0.0,0.0,0.0,0.0,0.0,0.0,0.0,0.0,0.0,
EXT_NOOP_A0,none,n_a,0.0,n_a,105,lod-4427-4428,4427,4428,491486,56.91395788569025,-7.296532562214164,0.27919059251266254,8.16992507002667,23.3622013435562,0.24082649521124447,0.049567017370480755,0.24082649088081115,24.082649088081116,0.8692312700666956,0.9427959290803807,0.9751854579784571,0.0,0.0,0.0,0.0,0.0,0.0,0.0,0.0,0.0,0.0,0.0,0.0,0.0,0.0,0.0,0.0,
EXT_NOOP_A0,none,n_a,0.0,n_a,106,lod-4429-4430,4429,4430,480093,56.429080441249816,114.69844303484295,0.1366661951148377,16.575339976688078,18.712998396810036,0.11119771527056314,0.01922901024505877,0.11113031629105767,11.113031629105768,0.9814806714532393,0.9967298002678647,0.9983440708362755,0.0,0.0,0.0,0.0,0.0,0.0,0.0,0.0,0.0,0.0,0.0,0.0,0.0,0.0,0.0,0.0,
EXT_NOOP_A0,none,n_a,0.0,n_a,107,lod-4431-4432,4431,4432,482913,52.34219708976483,86.565331706914,0.4869708110713357,57.17389143489949,25.673367109814528,0.1691931675825032,0.02707934470373346,0.16902798089919727,16.902798089919727,0.9578019229136511,0.9848233532748135,0.9940113436581745,0.0,0.0,0.0,0.0,0.0,0.0,0.0,0.0,0.0,0.0,0.0,0.0,0.0,0.0,0.0,0.0,
EXT_NOOP_A0,none,n_a,0.0,n_a,108,lod-4433-4434,4433,4434,491520,73.32684764010796,-42.87914670409741,0.23307766329381777,11.297974511451685,47.151301599633555,0.2938590068935199,0.09881115973982749,0.29373453496513546,29.373453496513548,0.5730550130208333,0.9084431966145833,0.9705342610677083,0.0,0.0,0.0,0.0,0.0,0.0,0.0,0.0,0.0,0.0,0.0,0.0,0.0,0.0,0.0,0.0,
EXT_NOOP_A0,none,n_a,0.0,n_a,109,lod-4435-4436,4435,4436,491520,43.822778808607566,43.76390345684551,0.42897662213259846,42.77540754859846,58.55977798479756,0.4470476219401724,0.12109905444895722,0.44305257312057006,44.30525731205701,0.6644734700520833,0.8474324544270834,0.8900065104166667,0.0,0.0,0.0,0.0,0.0,0.0,0.0,0.0,0.0,0.0,0.0,0.0,0.0,0.0,0.0,0.0,
EXT_NOOP_A0,none,n_a,0.0,n_a,110,lod-4437-4438,4437,4438,491520,71.05529178146483,-0.8838361893275499,0.06175196758291291,1.9763331840967173,21.970663096218615,0.09991544423012141,0.0270105872211034,0.09990338555200516,9.990338555200516,0.9586669921875,0.992095947265625,0.9980570475260416,0.0,0.0,0.0,0.0,0.0,0.0,0.0,0.0,0.0,0.0,0.0,0.0,0.0,0.0,0.0,0.0,
EXT_NOOP_A0,none,n_a,0.0,n_a,111,lod-4439-4440,4439,4440,491520,64.01931088299126,34.608169056802474,0.13086576198124075,5.221425851758568,25.034789853028197,0.19820236951510123,0.049831786809848934,0.19759664698799645,19.759664698799646,0.86865234375,0.95767822265625,0.9795511881510417,0.0,0.0,0.0,0.0,0.0,0.0,0.0,0.0,0.0,0.0,0.0,0.0,0.0,0.0,0.0,0.0,
