sample_index,sample_name,row_label,domain,experiment,checkpoint,checkpoint_epoch,best_lod_d1,abs_rel,rmse,silog,d1,d2,d3,align_scale,align_shift,valid_pixels,d1_pass_pixels,backbone_min,backbone_p01,backbone_mean,backbone_p50,backbone_p99,backbone_max,panel_path
108,lod-4433-4434,D0,rgb,DAv2-S_RGB_Dark_init,/mnt/drive/9999_backup_from_home_0514/333_cvpr/da_ours/checkpoints/depth_anything_v2_vits.pth,,nan,0.3215389071867237,40.621663937762335,0.3637495117744804,0.347076416015625,0.8196818033854166,0.9461995442708333,65.33924828875251,-5.203085797775541,491520,170595,-2.1179039478302,-2.1179039478302,-1.910538911819458,-1.9481792449951172,-1.6127233505249023,-1.2989977598190308,/home/caq/6666_raw/dav2_raw_0603/finetune_stf/analysis/lod_true_rgb_raw_panel/0608_2347_full_run_names_best_model_random10_seed42_cross_exp/sample_panels/lod_true_planb_cross_exp_idx0108_lod-4433-4434.png
108,lod-4433-4434,0608_1509_lod_true_rgb_dark_block8excl10_dav2s_decoder_e40_R0_aug-baseline_e10_poly,rgb,0608_1509_lod_true_rgb_dark_block8excl10_dav2s_decoder_e40_R0_aug-baseline_e10_poly,/mnt/drive/3333_raw/0000_exp_ckpt/0608_1509_lod_true_rgb_dark_block8excl10_dav2s_decoder_e40_R0_aug-baseline_e10_poly/best_model.pth,30,0.8350636940655152,0.29058990931825435,40.46752437430151,0.34105003219759455,0.4754252115885417,0.867669677734375,0.9466471354166667,81.54066028286418,-37.52552407699308,491520,233681,-2.1179039478302,-2.1179039478302,-1.910538911819458,-1.9481792449951172,-1.6127233505249023,-1.2989977598190308,/home/caq/6666_raw/dav2_raw_0603/finetune_stf/analysis/lod_true_rgb_raw_panel/0608_2347_full_run_names_best_model_random10_seed42_cross_exp/sample_panels/lod_true_planb_cross_exp_idx0108_lod-4433-4434.png
108,lod-4433-4434,0608_2246_lod_true_rgb_dark_block8excl10_dav2s_lora_tap_r8a16_decoder_e40_flip05_poly,rgb,0608_2246_lod_true_rgb_dark_block8excl10_dav2s_lora_tap_r8a16_decoder_e40_flip05_poly,/mnt/drive/3333_raw/0000_exp_ckpt/0608_2246_lod_true_rgb_dark_block8excl10_dav2s_lora_tap_r8a16_decoder_e40_flip05_poly/best_model.pth,22,0.8555342102190762,0.15539719875931488,32.83065235653953,0.2324569397548175,0.8117289225260417,0.9413045247395834,0.9776774088541667,79.177169596414,-50.551371958301374,491520,398981,-2.1179039478302,-2.1179039478302,-1.910538911819458,-1.9481792449951172,-1.6127233505249023,-1.2989977598190308,/home/caq/6666_raw/dav2_raw_0603/finetune_stf/analysis/lod_true_rgb_raw_panel/0608_2347_full_run_names_best_model_random10_seed42_cross_exp/sample_panels/lod_true_planb_cross_exp_idx0108_lod-4433-4434.png
108,lod-4433-4434,0608_1739_lod_true_raw_rgb16_block8excl10_ram3_dav2s_decoder_e40_W0_aug-baseline_e10_poly,raw,0608_1739_lod_true_raw_rgb16_block8excl10_ram3_dav2s_decoder_e40_W0_aug-baseline_e10_poly,/mnt/drive/3333_raw/0000_exp_ckpt/0608_1739_lod_true_raw_rgb16_block8excl10_ram3_dav2s_decoder_e40_W0_aug-baseline_e10_poly/best_model.pth,36,0.8298510849415097,0.2551389727708762,44.28274934804797,0.323234704452533,0.5774068196614583,0.8709187825520833,0.946466064453125,81.71584963264249,-47.253778082955854,491520,283807,-1.703125,-1.21875,0.0887335017323494,0.12060546875,1.546875,2.109375,/home/caq/6666_raw/dav2_raw_0603/finetune_stf/analysis/lod_true_rgb_raw_panel/0608_2347_full_run_names_best_model_random10_seed42_cross_exp/sample_panels/lod_true_planb_cross_exp_idx0108_lod-4433-4434.png
108,lod-4433-4434,0608_2026_lod_true_raw_rgb16_block8excl10_ram3_dav2s_ram_lora_tap_r8a16_decoder_e40_flip05_poly,raw,0608_2026_lod_true_raw_rgb16_block8excl10_ram3_dav2s_ram_lora_tap_r8a16_decoder_e40_flip05_poly,/mnt/drive/3333_raw/0000_exp_ckpt/0608_2026_lod_true_raw_rgb16_block8excl10_ram3_dav2s_ram_lora_tap_r8a16_decoder_e40_flip05_poly/best_model.pth,37,0.8450678996860131,0.23307766329381777,47.151301599633555,0.29373453496513546,0.5730550130208333,0.9084431966145833,0.9705342610677083,73.32684764010796,-42.87914670409741,491520,281668,-1.8671875,-1.4140625,0.0796811655163765,-0.0537109375,1.640625,2.21875,/home/caq/6666_raw/dav2_raw_0603/finetune_stf/analysis/lod_true_rgb_raw_panel/0608_2347_full_run_names_best_model_random10_seed42_cross_exp/sample_panels/lod_true_planb_cross_exp_idx0108_lod-4433-4434.png
108,lod-4433-4434,0608_2059_lod_true_raw_rgb16_block8excl10_ram3_dav2s_ram_lora_tap_r8a16_bridge_feature_adapter_decoder_e40_flip05_poly,raw,0608_2059_lod_true_raw_rgb16_block8excl10_ram3_dav2s_ram_lora_tap_r8a16_bridge_feature_adapter_decoder_e40_flip05_poly,/mnt/drive/3333_raw/0000_exp_ckpt/0608_2059_lod_true_raw_rgb16_block8excl10_ram3_dav2s_ram_lora_tap_r8a16_bridge_feature_adapter_decoder_e40_flip05_poly/best_model.pth,27,0.850966043064097,0.16193615469776032,39.296989654753304,0.22522913761198254,0.84029541015625,0.9621846516927083,0.979681396484375,74.2356102339921,-35.03302460378031,491520,413022,-1.7421875,-1.34375,0.10339904576539993,0.0286865234375,1.734375,2.375,/home/caq/6666_raw/dav2_raw_0603/finetune_stf/analysis/lod_true_rgb_raw_panel/0608_2347_full_run_names_best_model_random10_seed42_cross_exp/sample_panels/lod_true_planb_cross_exp_idx0108_lod-4433-4434.png
80,lod-3179-3180,D0,rgb,DAv2-S_RGB_Dark_init,/mnt/drive/9999_backup_from_home_0514/333_cvpr/da_ours/checkpoints/depth_anything_v2_vits.pth,,nan,0.054270053239859596,11.72333330543773,0.08461320045028356,0.975262451171875,0.997589111328125,0.9994730631510417,70.8334140081029,13.852226387000716,491520,479361,-2.1179039478302,-2.1179039478302,-1.9188661575317383,-1.965686321258545,-1.6301524639129639,-0.7412636280059814,/home/caq/6666_raw/dav2_raw_0603/finetune_stf/analysis/lod_true_rgb_raw_panel/0608_2347_full_run_names_best_model_random10_seed42_cross_exp/sample_panels/lod_true_planb_cross_exp_idx0080_lod-3179-3180.png
80,lod-3179-3180,0608_1509_lod_true_rgb_dark_block8excl10_dav2s_decoder_e40_R0_aug-baseline_e10_poly,rgb,0608_1509_lod_true_rgb_dark_block8excl10_dav2s_decoder_e40_R0_aug-baseline_e10_poly,/mnt/drive/3333_raw/0000_exp_ckpt/0608_1509_lod_true_rgb_dark_block8excl10_dav2s_decoder_e40_R0_aug-baseline_e10_poly/best_model.pth,30,0.8350636940655152,0.021171863591712064,5.002521900185178,0.0363188891495011,0.9969889322916666,0.9996968587239583,0.999993896484375,90.5863174345203,-37.894017246554064,491520,490040,-2.1179039478302,-2.1179039478302,-1.9188661575317383,-1.965686321258545,-1.6301524639129639,-0.7412636280059814,/home/caq/6666_raw/dav2_raw_0603/finetune_stf/analysis/lod_true_rgb_raw_panel/0608_2347_full_run_names_best_model_random10_seed42_cross_exp/sample_panels/lod_true_planb_cross_exp_idx0080_lod-3179-3180.png
80,lod-3179-3180,0608_2246_lod_true_rgb_dark_block8excl10_dav2s_lora_tap_r8a16_decoder_e40_flip05_poly,rgb,0608_2246_lod_true_rgb_dark_block8excl10_dav2s_lora_tap_r8a16_decoder_e40_flip05_poly,/mnt/drive/3333_raw/0000_exp_ckpt/0608_2246_lod_true_rgb_dark_block8excl10_dav2s_lora_tap_r8a16_decoder_e40_flip05_poly/best_model.pth,22,0.8555342102190762,0.016866691855976234,4.768293101333892,0.029126710189101776,0.9979390462239583,0.999871826171875,1.0,78.80622992388584,-16.741799609756004,491520,490507,-2.1179039478302,-2.1179039478302,-1.9188661575317383,-1.965686321258545,-1.6301524639129639,-0.7412636280059814,/home/caq/6666_raw/dav2_raw_0603/finetune_stf/analysis/lod_true_rgb_raw_panel/0608_2347_full_run_names_best_model_random10_seed42_cross_exp/sample_panels/lod_true_planb_cross_exp_idx0080_lod-3179-3180.png
80,lod-3179-3180,0608_1739_lod_true_raw_rgb16_block8excl10_ram3_dav2s_decoder_e40_W0_aug-baseline_e10_poly,raw,0608_1739_lod_true_raw_rgb16_block8excl10_ram3_dav2s_decoder_e40_W0_aug-baseline_e10_poly,/mnt/drive/3333_raw/0000_exp_ckpt/0608_1739_lod_true_raw_rgb16_block8excl10_ram3_dav2s_decoder_e40_W0_aug-baseline_e10_poly/best_model.pth,36,0.8298510849415097,0.022647051752603915,6.181473616830812,0.045534798559440204,0.9899637858072917,0.9991984049479167,0.99998779296875,79.44921447628693,-34.157094949506096,491520,486587,-1.8125,-1.2578125,0.22148068249225616,0.23046875,2.28125,3.484375,/home/caq/6666_raw/dav2_raw_0603/finetune_stf/analysis/lod_true_rgb_raw_panel/0608_2347_full_run_names_best_model_random10_seed42_cross_exp/sample_panels/lod_true_planb_cross_exp_idx0080_lod-3179-3180.png
80,lod-3179-3180,0608_2026_lod_true_raw_rgb16_block8excl10_ram3_dav2s_ram_lora_tap_r8a16_decoder_e40_flip05_poly,raw,0608_2026_lod_true_raw_rgb16_block8excl10_ram3_dav2s_ram_lora_tap_r8a16_decoder_e40_flip05_poly,/mnt/drive/3333_raw/0000_exp_ckpt/0608_2026_lod_true_raw_rgb16_block8excl10_ram3_dav2s_ram_lora_tap_r8a16_decoder_e40_flip05_poly/best_model.pth,37,0.8450678996860131,0.021628868625737954,5.047210678095398,0.04409748707036287,0.9922281901041666,0.9992167154947916,0.9999918619791667,74.88431405803128,-41.61927155416506,491520,487700,-1.953125,-1.453125,0.20140603184700012,0.2578125,2.296875,4.8125,/home/caq/6666_raw/dav2_raw_0603/finetune_stf/analysis/lod_true_rgb_raw_panel/0608_2347_full_run_names_best_model_random10_seed42_cross_exp/sample_panels/lod_true_planb_cross_exp_idx0080_lod-3179-3180.png
80,lod-3179-3180,0608_2059_lod_true_raw_rgb16_block8excl10_ram3_dav2s_ram_lora_tap_r8a16_bridge_feature_adapter_decoder_e40_flip05_poly,raw,0608_2059_lod_true_raw_rgb16_block8excl10_ram3_dav2s_ram_lora_tap_r8a16_bridge_feature_adapter_decoder_e40_flip05_poly,/mnt/drive/3333_raw/0000_exp_ckpt/0608_2059_lod_true_raw_rgb16_block8excl10_ram3_dav2s_ram_lora_tap_r8a16_bridge_feature_adapter_decoder_e40_flip05_poly/best_model.pth,27,0.850966043064097,0.023502528590269484,5.073338644221463,0.04697016440137305,0.9912841796875,0.9988260904947917,0.9999857584635417,77.5576089505643,-32.814136548165486,491520,487236,-1.9609375,-1.3046875,0.2765669822692871,0.26953125,2.5625,4.46875,/home/caq/6666_raw/dav2_raw_0603/finetune_stf/analysis/lod_true_rgb_raw_panel/0608_2347_full_run_names_best_model_random10_seed42_cross_exp/sample_panels/lod_true_planb_cross_exp_idx0080_lod-3179-3180.png
9,lod-0039-0040,D0,rgb,DAv2-S_RGB_Dark_init,/mnt/drive/9999_backup_from_home_0514/333_cvpr/da_ours/checkpoints/depth_anything_v2_vits.pth,,nan,0.15798515282050965,26.7859857233599,0.25579029280214965,0.8173990885416667,0.910357666015625,0.9476481119791667,69.82142069149157,-15.244611745107933,491520,401768,-2.1179039478302,-2.1179039478302,-1.9201626777648926,-1.930672287940979,-1.7172985076904297,-1.2989977598190308,/home/caq/6666_raw/dav2_raw_0603/finetune_stf/analysis/lod_true_rgb_raw_panel/0608_2347_full_run_names_best_model_random10_seed42_cross_exp/sample_panels/lod_true_planb_cross_exp_idx0009_lod-0039-0040.png
9,lod-0039-0040,0608_1509_lod_true_rgb_dark_block8excl10_dav2s_decoder_e40_R0_aug-baseline_e10_poly,rgb,0608_1509_lod_true_rgb_dark_block8excl10_dav2s_decoder_e40_R0_aug-baseline_e10_poly,/mnt/drive/3333_raw/0000_exp_ckpt/0608_1509_lod_true_rgb_dark_block8excl10_dav2s_decoder_e40_R0_aug-baseline_e10_poly/best_model.pth,30,0.8350636940655152,0.13423881922524428,26.242897588889043,0.20615826568927262,0.8631388346354166,0.9419047037760416,0.9785441080729167,90.60872101604053,-59.57186878004165,491520,424250,-2.1179039478302,-2.1179039478302,-1.9201626777648926,-1.930672287940979,-1.7172985076904297,-1.2989977598190308,/home/caq/6666_raw/dav2_raw_0603/finetune_stf/analysis/lod_true_rgb_raw_panel/0608_2347_full_run_names_best_model_random10_seed42_cross_exp/sample_panels/lod_true_planb_cross_exp_idx0009_lod-0039-0040.png
9,lod-0039-0040,0608_2246_lod_true_rgb_dark_block8excl10_dav2s_lora_tap_r8a16_decoder_e40_flip05_poly,rgb,0608_2246_lod_true_rgb_dark_block8excl10_dav2s_lora_tap_r8a16_decoder_e40_flip05_poly,/mnt/drive/3333_raw/0000_exp_ckpt/0608_2246_lod_true_rgb_dark_block8excl10_dav2s_lora_tap_r8a16_decoder_e40_flip05_poly/best_model.pth,22,0.8555342102190762,0.1356596699817221,23.79551365875253,0.2496866236696951,0.837115478515625,0.922998046875,0.9444580078125,70.57314183609375,-29.50498365073326,491520,411459,-2.1179039478302,-2.1179039478302,-1.9201626777648926,-1.930672287940979,-1.7172985076904297,-1.2989977598190308,/home/caq/6666_raw/dav2_raw_0603/finetune_stf/analysis/lod_true_rgb_raw_panel/0608_2347_full_run_names_best_model_random10_seed42_cross_exp/sample_panels/lod_true_planb_cross_exp_idx0009_lod-0039-0040.png
9,lod-0039-0040,0608_1739_lod_true_raw_rgb16_block8excl10_ram3_dav2s_decoder_e40_W0_aug-baseline_e10_poly,raw,0608_1739_lod_true_raw_rgb16_block8excl10_ram3_dav2s_decoder_e40_W0_aug-baseline_e10_poly,/mnt/drive/3333_raw/0000_exp_ckpt/0608_1739_lod_true_raw_rgb16_block8excl10_ram3_dav2s_decoder_e40_W0_aug-baseline_e10_poly/best_model.pth,36,0.8298510849415097,0.11520341073293931,21.60264492119362,0.1660679205460025,0.8891642252604167,0.9704976399739583,0.9884867350260417,80.27028369314954,-42.72239123035331,491520,437042,-1.59375,-1.0234375,0.14538508653640747,0.14453125,1.578125,2.578125,/home/caq/6666_raw/dav2_raw_0603/finetune_stf/analysis/lod_true_rgb_raw_panel/0608_2347_full_run_names_best_model_random10_seed42_cross_exp/sample_panels/lod_true_planb_cross_exp_idx0009_lod-0039-0040.png
9,lod-0039-0040,0608_2026_lod_true_raw_rgb16_block8excl10_ram3_dav2s_ram_lora_tap_r8a16_decoder_e40_flip05_poly,raw,0608_2026_lod_true_raw_rgb16_block8excl10_ram3_dav2s_ram_lora_tap_r8a16_decoder_e40_flip05_poly,/mnt/drive/3333_raw/0000_exp_ckpt/0608_2026_lod_true_raw_rgb16_block8excl10_ram3_dav2s_ram_lora_tap_r8a16_decoder_e40_flip05_poly/best_model.pth,37,0.8450678996860131,0.10283736512821694,19.3412852904095,0.1678852912218991,0.89058837890625,0.9654500325520833,0.9886576334635416,66.97463344395285,-32.576991868825246,491520,437742,-1.3984375,-0.9609375,0.13601914048194885,0.060302734375,1.703125,2.984375,/home/caq/6666_raw/dav2_raw_0603/finetune_stf/analysis/lod_true_rgb_raw_panel/0608_2347_full_run_names_best_model_random10_seed42_cross_exp/sample_panels/lod_true_planb_cross_exp_idx0009_lod-0039-0040.png
9,lod-0039-0040,0608_2059_lod_true_raw_rgb16_block8excl10_ram3_dav2s_ram_lora_tap_r8a16_bridge_feature_adapter_decoder_e40_flip05_poly,raw,0608_2059_lod_true_raw_rgb16_block8excl10_ram3_dav2s_ram_lora_tap_r8a16_bridge_feature_adapter_decoder_e40_flip05_poly,/mnt/drive/3333_raw/0000_exp_ckpt/0608_2059_lod_true_raw_rgb16_block8excl10_ram3_dav2s_ram_lora_tap_r8a16_bridge_feature_adapter_decoder_e40_flip05_poly/best_model.pth,27,0.850966043064097,0.1219051205066986,21.61808796726141,0.18344253508589065,0.8730489095052083,0.9492574055989583,0.9872823079427083,65.08179922211336,-21.77373248473587,491520,429121,-1.5234375,-1.1484375,-0.05757179111242294,-0.0888671875,1.53125,2.546875,/home/caq/6666_raw/dav2_raw_0603/finetune_stf/analysis/lod_true_rgb_raw_panel/0608_2347_full_run_names_best_model_random10_seed42_cross_exp/sample_panels/lod_true_planb_cross_exp_idx0009_lod-0039-0040.png
68,lod-2555-2556,D0,rgb,DAv2-S_RGB_Dark_init,/mnt/drive/9999_backup_from_home_0514/333_cvpr/da_ours/checkpoints/depth_anything_v2_vits.pth,,nan,0.07543219678713137,22.00660340922116,0.13767834827342998,0.9502787272135417,0.9727457682291667,0.9918782552083333,59.6809688476456,86.86930228241178,491520,467081,-2.1179039478302,-2.1007790565490723,-1.8766424655914307,-1.9124069213867188,-1.3815394639968872,0.09533771127462387,/home/caq/6666_raw/dav2_raw_0603/finetune_stf/analysis/lod_true_rgb_raw_panel/0608_2347_full_run_names_best_model_random10_seed42_cross_exp/sample_panels/lod_true_planb_cross_exp_idx0068_lod-2555-2556.png
68,lod-2555-2556,0608_1509_lod_true_rgb_dark_block8excl10_dav2s_decoder_e40_R0_aug-baseline_e10_poly,rgb,0608_1509_lod_true_rgb_dark_block8excl10_dav2s_decoder_e40_R0_aug-baseline_e10_poly,/mnt/drive/3333_raw/0000_exp_ckpt/0608_1509_lod_true_rgb_dark_block8excl10_dav2s_decoder_e40_R0_aug-baseline_e10_poly/best_model.pth,30,0.8350636940655152,0.06597101615331677,19.62552322121546,0.1140414410215871,0.9561299641927083,0.9857869466145833,0.9967061360677083,71.49824225143213,65.60699492043649,491520,469957,-2.1179039478302,-2.1007790565490723,-1.8766424655914307,-1.9124069213867188,-1.3815394639968872,0.09533771127462387,/home/caq/6666_raw/dav2_raw_0603/finetune_stf/analysis/lod_true_rgb_raw_panel/0608_2347_full_run_names_best_model_random10_seed42_cross_exp/sample_panels/lod_true_planb_cross_exp_idx0068_lod-2555-2556.png
68,lod-2555-2556,0608_2246_lod_true_rgb_dark_block8excl10_dav2s_lora_tap_r8a16_decoder_e40_flip05_poly,rgb,0608_2246_lod_true_rgb_dark_block8excl10_dav2s_lora_tap_r8a16_decoder_e40_flip05_poly,/mnt/drive/3333_raw/0000_exp_ckpt/0608_2246_lod_true_rgb_dark_block8excl10_dav2s_lora_tap_r8a16_decoder_e40_flip05_poly/best_model.pth,22,0.8555342102190762,0.05111646815366417,20.59543214167358,0.0897158236585492,0.9829630533854167,0.9939310709635417,0.9978922526041667,63.37760110779042,44.29122844191925,491520,483146,-2.1179039478302,-2.1007790565490723,-1.8766424655914307,-1.9124069213867188,-1.3815394639968872,0.09533771127462387,/home/caq/6666_raw/dav2_raw_0603/finetune_stf/analysis/lod_true_rgb_raw_panel/0608_2347_full_run_names_best_model_random10_seed42_cross_exp/sample_panels/lod_true_planb_cross_exp_idx0068_lod-2555-2556.png
68,lod-2555-2556,0608_1739_lod_true_raw_rgb16_block8excl10_ram3_dav2s_decoder_e40_W0_aug-baseline_e10_poly,raw,0608_1739_lod_true_raw_rgb16_block8excl10_ram3_dav2s_decoder_e40_W0_aug-baseline_e10_poly,/mnt/drive/3333_raw/0000_exp_ckpt/0608_1739_lod_true_raw_rgb16_block8excl10_ram3_dav2s_decoder_e40_W0_aug-baseline_e10_poly/best_model.pth,36,0.8298510849415097,0.09043458023100256,27.4547870260122,0.1444691469156851,0.945123291015625,0.9773111979166667,0.9912984212239583,68.93956768267384,65.65494009408727,491520,464547,-2.015625,-1.6640625,-0.37450259923934937,-0.52734375,2.3125,4.1875,/home/caq/6666_raw/dav2_raw_0603/finetune_stf/analysis/lod_true_rgb_raw_panel/0608_2347_full_run_names_best_model_random10_seed42_cross_exp/sample_panels/lod_true_planb_cross_exp_idx0068_lod-2555-2556.png
68,lod-2555-2556,0608_2026_lod_true_raw_rgb16_block8excl10_ram3_dav2s_ram_lora_tap_r8a16_decoder_e40_flip05_poly,raw,0608_2026_lod_true_raw_rgb16_block8excl10_ram3_dav2s_ram_lora_tap_r8a16_decoder_e40_flip05_poly,/mnt/drive/3333_raw/0000_exp_ckpt/0608_2026_lod_true_raw_rgb16_block8excl10_ram3_dav2s_ram_lora_tap_r8a16_decoder_e40_flip05_poly/best_model.pth,37,0.8450678996860131,0.07777601635199641,29.848040713072237,0.1275878671998612,0.9360921223958333,0.9891703287760417,0.9936279296875,59.54222346776059,51.05525115679157,491520,460108,-2.125,-1.75,-0.22602558135986328,-0.26171875,2.09375,5.4375,/home/caq/6666_raw/dav2_raw_0603/finetune_stf/analysis/lod_true_rgb_raw_panel/0608_2347_full_run_names_best_model_random10_seed42_cross_exp/sample_panels/lod_true_planb_cross_exp_idx0068_lod-2555-2556.png
68,lod-2555-2556,0608_2059_lod_true_raw_rgb16_block8excl10_ram3_dav2s_ram_lora_tap_r8a16_bridge_feature_adapter_decoder_e40_flip05_poly,raw,0608_2059_lod_true_raw_rgb16_block8excl10_ram3_dav2s_ram_lora_tap_r8a16_bridge_feature_adapter_decoder_e40_flip05_poly,/mnt/drive/3333_raw/0000_exp_ckpt/0608_2059_lod_true_raw_rgb16_block8excl10_ram3_dav2s_ram_lora_tap_r8a16_bridge_feature_adapter_decoder_e40_flip05_poly/best_model.pth,27,0.850966043064097,0.0835326057053953,29.86481937943169,0.14945006163283006,0.9364278157552083,0.986370849609375,0.9914021809895833,59.89533195917736,56.74203256363459,491520,460273,-1.921875,-1.5078125,-0.11990644782781601,-0.400390625,2.609375,5.5625,/home/caq/6666_raw/dav2_raw_0603/finetune_stf/analysis/lod_true_rgb_raw_panel/0608_2347_full_run_names_best_model_random10_seed42_cross_exp/sample_panels/lod_true_planb_cross_exp_idx0068_lod-2555-2556.png
46,lod-1911-1912,D0,rgb,DAv2-S_RGB_Dark_init,/mnt/drive/9999_backup_from_home_0514/333_cvpr/da_ours/checkpoints/depth_anything_v2_vits.pth,,nan,0.6815558674826505,8.450721158068871,0.24541786440652302,0.9473377484678737,0.9844957445469359,0.9903841446784108,59.66566376468061,-0.2773244956183784,428979,406388,-2.1179039478302,-2.032280206680298,-0.8636752367019653,-1.1931672096252441,1.9428322315216064,2.5005664825439453,/home/caq/6666_raw/dav2_raw_0603/finetune_stf/analysis/lod_true_rgb_raw_panel/0608_2347_full_run_names_best_model_random10_seed42_cross_exp/sample_panels/lod_true_planb_cross_exp_idx0046_lod-1911-1912.png
46,lod-1911-1912,0608_1509_lod_true_rgb_dark_block8excl10_dav2s_decoder_e40_R0_aug-baseline_e10_poly,rgb,0608_1509_lod_true_rgb_dark_block8excl10_dav2s_decoder_e40_R0_aug-baseline_e10_poly,/mnt/drive/3333_raw/0000_exp_ckpt/0608_1509_lod_true_rgb_dark_block8excl10_dav2s_decoder_e40_R0_aug-baseline_e10_poly/best_model.pth,30,0.8350636940655152,1.1744974604056158,6.660754322611286,0.28314234574147507,0.9189960347709328,0.9623175027215785,0.9813091083712723,74.54552925086995,-22.609897169679655,428979,394230,-2.1179039478302,-2.032280206680298,-0.8636752367019653,-1.1931672096252441,1.9428322315216064,2.5005664825439453,/home/caq/6666_raw/dav2_raw_0603/finetune_stf/analysis/lod_true_rgb_raw_panel/0608_2347_full_run_names_best_model_random10_seed42_cross_exp/sample_panels/lod_true_planb_cross_exp_idx0046_lod-1911-1912.png
46,lod-1911-1912,0608_2246_lod_true_rgb_dark_block8excl10_dav2s_lora_tap_r8a16_decoder_e40_flip05_poly,rgb,0608_2246_lod_true_rgb_dark_block8excl10_dav2s_lora_tap_r8a16_decoder_e40_flip05_poly,/mnt/drive/3333_raw/0000_exp_ckpt/0608_2246_lod_true_rgb_dark_block8excl10_dav2s_lora_tap_r8a16_decoder_e40_flip05_poly/best_model.pth,22,0.8555342102190762,0.7677390917744189,5.938674568520042,0.239729821498407,0.9450415987729003,0.9821040190778569,0.9894516981017719,69.15527232015408,-11.344358859041584,428979,405403,-2.1179039478302,-2.032280206680298,-0.8636752367019653,-1.1931672096252441,1.9428322315216064,2.5005664825439453,/home/caq/6666_raw/dav2_raw_0603/finetune_stf/analysis/lod_true_rgb_raw_panel/0608_2347_full_run_names_best_model_random10_seed42_cross_exp/sample_panels/lod_true_planb_cross_exp_idx0046_lod-1911-1912.png
46,lod-1911-1912,0608_1739_lod_true_raw_rgb16_block8excl10_ram3_dav2s_decoder_e40_W0_aug-baseline_e10_poly,raw,0608_1739_lod_true_raw_rgb16_block8excl10_ram3_dav2s_decoder_e40_W0_aug-baseline_e10_poly,/mnt/drive/3333_raw/0000_exp_ckpt/0608_1739_lod_true_raw_rgb16_block8excl10_ram3_dav2s_decoder_e40_W0_aug-baseline_e10_poly/best_model.pth,36,0.8298510849415097,1.2599001917725259,11.453545113265013,0.32569650193852534,0.8801992638334277,0.9329547600232179,0.966842199734719,69.0661540858744,-20.105652640902246,428979,377587,-1.9765625,-1.2890625,1.114233136177063,0.9921875,3.578125,4.6875,/home/caq/6666_raw/dav2_raw_0603/finetune_stf/analysis/lod_true_rgb_raw_panel/0608_2347_full_run_names_best_model_random10_seed42_cross_exp/sample_panels/lod_true_planb_cross_exp_idx0046_lod-1911-1912.png
46,lod-1911-1912,0608_2026_lod_true_raw_rgb16_block8excl10_ram3_dav2s_ram_lora_tap_r8a16_decoder_e40_flip05_poly,raw,0608_2026_lod_true_raw_rgb16_block8excl10_ram3_dav2s_ram_lora_tap_r8a16_decoder_e40_flip05_poly,/mnt/drive/3333_raw/0000_exp_ckpt/0608_2026_lod_true_raw_rgb16_block8excl10_ram3_dav2s_ram_lora_tap_r8a16_decoder_e40_flip05_poly/best_model.pth,37,0.8450678996860131,0.4777006532194545,9.33567056674269,0.6290331096262489,0.9193760067509132,0.9694227456355673,0.980453588637206,66.02339851033194,-11.74538947840735,428979,394393,-2.3125,-1.421875,1.1976903676986694,1.09375,5.6875,6.0,/home/caq/6666_raw/dav2_raw_0603/finetune_stf/analysis/lod_true_rgb_raw_panel/0608_2347_full_run_names_best_model_random10_seed42_cross_exp/sample_panels/lod_true_planb_cross_exp_idx0046_lod-1911-1912.png
46,lod-1911-1912,0608_2059_lod_true_raw_rgb16_block8excl10_ram3_dav2s_ram_lora_tap_r8a16_bridge_feature_adapter_decoder_e40_flip05_poly,raw,0608_2059_lod_true_raw_rgb16_block8excl10_ram3_dav2s_ram_lora_tap_r8a16_bridge_feature_adapter_decoder_e40_flip05_poly,/mnt/drive/3333_raw/0000_exp_ckpt/0608_2059_lod_true_raw_rgb16_block8excl10_ram3_dav2s_ram_lora_tap_r8a16_bridge_feature_adapter_decoder_e40_flip05_poly/best_model.pth,27,0.850966043064097,1.0533210270896207,9.337564502136566,0.2785229317814195,0.9293508540045083,0.9697747442182485,0.9796889824443621,65.54817019276148,-7.143942506520209,428979,398672,-1.984375,-1.2421875,1.236817717552185,1.125,4.4375,4.96875,/home/caq/6666_raw/dav2_raw_0603/finetune_stf/analysis/lod_true_rgb_raw_panel/0608_2347_full_run_names_best_model_random10_seed42_cross_exp/sample_panels/lod_true_planb_cross_exp_idx0046_lod-1911-1912.png
106,lod-4429-4430,D0,rgb,DAv2-S_RGB_Dark_init,/mnt/drive/9999_backup_from_home_0514/333_cvpr/da_ours/checkpoints/depth_anything_v2_vits.pth,,nan,0.13737416402282926,24.43268263067852,0.12071903248826206,0.9770627774202082,0.993409610221353,0.9979399824617313,62.97913374877484,134.6054101948612,480093,469081,-2.1179039478302,-2.1179039478302,-1.8723726272583008,-1.878157377243042,-1.490718960762024,-0.9852722883224487,/home/caq/6666_raw/dav2_raw_0603/finetune_stf/analysis/lod_true_rgb_raw_panel/0608_2347_full_run_names_best_model_random10_seed42_cross_exp/sample_panels/lod_true_planb_cross_exp_idx0106_lod-4429-4430.png
106,lod-4429-4430,0608_1509_lod_true_rgb_dark_block8excl10_dav2s_decoder_e40_R0_aug-baseline_e10_poly,rgb,0608_1509_lod_true_rgb_dark_block8excl10_dav2s_decoder_e40_R0_aug-baseline_e10_poly,/mnt/drive/3333_raw/0000_exp_ckpt/0608_1509_lod_true_rgb_dark_block8excl10_dav2s_decoder_e40_R0_aug-baseline_e10_poly/best_model.pth,30,0.8350636940655152,0.12507613990098104,20.988668546329144,0.11257617110224392,0.9797955812727951,0.9945343922948262,0.9981545242275975,69.3202713336485,117.63109979888078,480093,470393,-2.1179039478302,-2.1179039478302,-1.8723726272583008,-1.878157377243042,-1.490718960762024,-0.9852722883224487,/home/caq/6666_raw/dav2_raw_0603/finetune_stf/analysis/lod_true_rgb_raw_panel/0608_2347_full_run_names_best_model_random10_seed42_cross_exp/sample_panels/lod_true_planb_cross_exp_idx0106_lod-4429-4430.png
106,lod-4429-4430,0608_2246_lod_true_rgb_dark_block8excl10_dav2s_lora_tap_r8a16_decoder_e40_flip05_poly,rgb,0608_2246_lod_true_rgb_dark_block8excl10_dav2s_lora_tap_r8a16_decoder_e40_flip05_poly,/mnt/drive/3333_raw/0000_exp_ckpt/0608_2246_lod_true_rgb_dark_block8excl10_dav2s_lora_tap_r8a16_decoder_e40_flip05_poly/best_model.pth,22,0.8555342102190762,0.12587974523615444,18.377132321880772,0.11068947046984591,0.983823967439642,0.9965235902210613,0.9984648807626856,62.88029545314254,122.78582486894531,480093,472327,-2.1179039478302,-2.1179039478302,-1.8723726272583008,-1.878157377243042,-1.490718960762024,-0.9852722883224487,/home/caq/6666_raw/dav2_raw_0603/finetune_stf/analysis/lod_true_rgb_raw_panel/0608_2347_full_run_names_best_model_random10_seed42_cross_exp/sample_panels/lod_true_planb_cross_exp_idx0106_lod-4429-4430.png
106,lod-4429-4430,0608_1739_lod_true_raw_rgb16_block8excl10_ram3_dav2s_decoder_e40_W0_aug-baseline_e10_poly,raw,0608_1739_lod_true_raw_rgb16_block8excl10_ram3_dav2s_decoder_e40_W0_aug-baseline_e10_poly,/mnt/drive/3333_raw/0000_exp_ckpt/0608_1739_lod_true_raw_rgb16_block8excl10_ram3_dav2s_decoder_e40_W0_aug-baseline_e10_poly/best_model.pth,36,0.8298510849415097,0.12084363778973833,18.442254130074023,0.1083717118597073,0.9799018106908454,0.9962840532980068,0.9984169733780747,69.5136170996222,101.71617661212066,480093,470444,-1.7734375,-1.2578125,0.3508780300617218,0.0274658203125,2.25,4.03125,/home/caq/6666_raw/dav2_raw_0603/finetune_stf/analysis/lod_true_rgb_raw_panel/0608_2347_full_run_names_best_model_random10_seed42_cross_exp/sample_panels/lod_true_planb_cross_exp_idx0106_lod-4429-4430.png
106,lod-4429-4430,0608_2026_lod_true_raw_rgb16_block8excl10_ram3_dav2s_ram_lora_tap_r8a16_decoder_e40_flip05_poly,raw,0608_2026_lod_true_raw_rgb16_block8excl10_ram3_dav2s_ram_lora_tap_r8a16_decoder_e40_flip05_poly,/mnt/drive/3333_raw/0000_exp_ckpt/0608_2026_lod_true_raw_rgb16_block8excl10_ram3_dav2s_ram_lora_tap_r8a16_decoder_e40_flip05_poly/best_model.pth,37,0.8450678996860131,0.1366661951148377,18.712998396810036,0.11113031629105767,0.9814806714532393,0.9967298002678647,0.9983440708362755,56.429080441249816,114.69844303484295,480093,471202,-1.9140625,-1.484375,0.32521647214889526,0.00185394287109375,2.375,4.9375,/home/caq/6666_raw/dav2_raw_0603/finetune_stf/analysis/lod_true_rgb_raw_panel/0608_2347_full_run_names_best_model_random10_seed42_cross_exp/sample_panels/lod_true_planb_cross_exp_idx0106_lod-4429-4430.png
106,lod-4429-4430,0608_2059_lod_true_raw_rgb16_block8excl10_ram3_dav2s_ram_lora_tap_r8a16_bridge_feature_adapter_decoder_e40_flip05_poly,raw,0608_2059_lod_true_raw_rgb16_block8excl10_ram3_dav2s_ram_lora_tap_r8a16_bridge_feature_adapter_decoder_e40_flip05_poly,/mnt/drive/3333_raw/0000_exp_ckpt/0608_2059_lod_true_raw_rgb16_block8excl10_ram3_dav2s_ram_lora_tap_r8a16_bridge_feature_adapter_decoder_e40_flip05_poly/best_model.pth,27,0.850966043064097,0.13828075459739003,18.255168943235997,0.11106519040677149,0.979937220496862,0.9965652488163752,0.9983065781004931,59.85068371649042,114.50736092407288,480093,470461,-1.8515625,-1.421875,0.3162495791912079,-0.08935546875,2.46875,4.46875,/home/caq/6666_raw/dav2_raw_0603/finetune_stf/analysis/lod_true_rgb_raw_panel/0608_2347_full_run_names_best_model_random10_seed42_cross_exp/sample_panels/lod_true_planb_cross_exp_idx0106_lod-4429-4430.png
76,lod-3171-3172,D0,rgb,DAv2-S_RGB_Dark_init,/mnt/drive/9999_backup_from_home_0514/333_cvpr/da_ours/checkpoints/depth_anything_v2_vits.pth,,nan,0.056349289166004186,13.822867759158175,0.0969826118641224,0.9631266276041667,0.9882914225260416,0.9988688151041667,63.437760341323575,36.72758677685213,491520,473396,-2.1179039478302,-2.1179039478302,-1.9400297403335571,-1.983193278312683,-1.6998692750930786,-0.2881045341491699,/home/caq/6666_raw/dav2_raw_0603/finetune_stf/analysis/lod_true_rgb_raw_panel/0608_2347_full_run_names_best_model_random10_seed42_cross_exp/sample_panels/lod_true_planb_cross_exp_idx0076_lod-3171-3172.png
76,lod-3171-3172,0608_1509_lod_true_rgb_dark_block8excl10_dav2s_decoder_e40_R0_aug-baseline_e10_poly,rgb,0608_1509_lod_true_rgb_dark_block8excl10_dav2s_decoder_e40_R0_aug-baseline_e10_poly,/mnt/drive/3333_raw/0000_exp_ckpt/0608_1509_lod_true_rgb_dark_block8excl10_dav2s_decoder_e40_R0_aug-baseline_e10_poly/best_model.pth,30,0.8350636940655152,0.046480760321410554,11.499374064375527,0.0851614959490649,0.9648600260416667,0.9952433268229167,0.9998779296875,81.80548304363977,-1.805579395550349,491520,474248,-2.1179039478302,-2.1179039478302,-1.9400297403335571,-1.983193278312683,-1.6998692750930786,-0.2881045341491699,/home/caq/6666_raw/dav2_raw_0603/finetune_stf/analysis/lod_true_rgb_raw_panel/0608_2347_full_run_names_best_model_random10_seed42_cross_exp/sample_panels/lod_true_planb_cross_exp_idx0076_lod-3171-3172.png
76,lod-3171-3172,0608_2246_lod_true_rgb_dark_block8excl10_dav2s_lora_tap_r8a16_decoder_e40_flip05_poly,rgb,0608_2246_lod_true_rgb_dark_block8excl10_dav2s_lora_tap_r8a16_decoder_e40_flip05_poly,/mnt/drive/3333_raw/0000_exp_ckpt/0608_2246_lod_true_rgb_dark_block8excl10_dav2s_lora_tap_r8a16_decoder_e40_flip05_poly/best_model.pth,22,0.8555342102190762,0.07878109252837791,15.72157047486349,0.1275591761095529,0.8996561686197917,0.9843098958333333,0.99984130859375,73.55125724228974,6.081419841154007,491520,442199,-2.1179039478302,-2.1179039478302,-1.9400297403335571,-1.983193278312683,-1.6998692750930786,-0.2881045341491699,/home/caq/6666_raw/dav2_raw_0603/finetune_stf/analysis/lod_true_rgb_raw_panel/0608_2347_full_run_names_best_model_random10_seed42_cross_exp/sample_panels/lod_true_planb_cross_exp_idx0076_lod-3171-3172.png
76,lod-3171-3172,0608_1739_lod_true_raw_rgb16_block8excl10_ram3_dav2s_decoder_e40_W0_aug-baseline_e10_poly,raw,0608_1739_lod_true_raw_rgb16_block8excl10_ram3_dav2s_decoder_e40_W0_aug-baseline_e10_poly,/mnt/drive/3333_raw/0000_exp_ckpt/0608_1739_lod_true_raw_rgb16_block8excl10_ram3_dav2s_decoder_e40_W0_aug-baseline_e10_poly/best_model.pth,36,0.8298510849415097,0.042787620706587266,11.198627170038357,0.08524943059023854,0.9670694986979167,0.9896036783854166,1.0,76.83349183211254,5.767752754886235,491520,475334,-1.546875,-0.9609375,0.43490099906921387,0.5546875,2.140625,4.21875,/home/caq/6666_raw/dav2_raw_0603/finetune_stf/analysis/lod_true_rgb_raw_panel/0608_2347_full_run_names_best_model_random10_seed42_cross_exp/sample_panels/lod_true_planb_cross_exp_idx0076_lod-3171-3172.png
76,lod-3171-3172,0608_2026_lod_true_raw_rgb16_block8excl10_ram3_dav2s_ram_lora_tap_r8a16_decoder_e40_flip05_poly,raw,0608_2026_lod_true_raw_rgb16_block8excl10_ram3_dav2s_ram_lora_tap_r8a16_decoder_e40_flip05_poly,/mnt/drive/3333_raw/0000_exp_ckpt/0608_2026_lod_true_raw_rgb16_block8excl10_ram3_dav2s_ram_lora_tap_r8a16_decoder_e40_flip05_poly/best_model.pth,37,0.8450678996860131,0.043308378879406,10.18864823842708,0.08691498304390315,0.9539326985677083,0.99835205078125,0.9999674479166667,69.2841953501971,1.4639340281935647,491520,468877,-1.6796875,-1.1328125,0.3185582756996155,0.37109375,2.0,6.25,/home/caq/6666_raw/dav2_raw_0603/finetune_stf/analysis/lod_true_rgb_raw_panel/0608_2347_full_run_names_best_model_random10_seed42_cross_exp/sample_panels/lod_true_planb_cross_exp_idx0076_lod-3171-3172.png
76,lod-3171-3172,0608_2059_lod_true_raw_rgb16_block8excl10_ram3_dav2s_ram_lora_tap_r8a16_bridge_feature_adapter_decoder_e40_flip05_poly,raw,0608_2059_lod_true_raw_rgb16_block8excl10_ram3_dav2s_ram_lora_tap_r8a16_bridge_feature_adapter_decoder_e40_flip05_poly,/mnt/drive/3333_raw/0000_exp_ckpt/0608_2059_lod_true_raw_rgb16_block8excl10_ram3_dav2s_ram_lora_tap_r8a16_bridge_feature_adapter_decoder_e40_flip05_poly/best_model.pth,27,0.850966043064097,0.06181011853193102,12.55302043945398,0.10394534741759028,0.918389892578125,0.9958211263020833,0.9999674479166667,74.57198408632631,5.771520343343144,491520,451407,-1.7890625,-1.296875,0.12843017280101776,0.25390625,1.828125,4.46875,/home/caq/6666_raw/dav2_raw_0603/finetune_stf/analysis/lod_true_rgb_raw_panel/0608_2347_full_run_names_best_model_random10_seed42_cross_exp/sample_panels/lod_true_planb_cross_exp_idx0076_lod-3171-3172.png
10,lod-0041-0042,D0,rgb,DAv2-S_RGB_Dark_init,/mnt/drive/9999_backup_from_home_0514/333_cvpr/da_ours/checkpoints/depth_anything_v2_vits.pth,,nan,0.4693539171755806,57.973803923562464,0.47990508070692894,0.4578633626302083,0.7779195149739583,0.8828531901041666,70.65672505708355,-22.532879545004835,491520,225049,-2.1179039478302,-2.1179039478302,-1.9512662887573242,-2.0007002353668213,-1.7521568536758423,-1.490718960762024,/home/caq/6666_raw/dav2_raw_0603/finetune_stf/analysis/lod_true_rgb_raw_panel/0608_2347_full_run_names_best_model_random10_seed42_cross_exp/sample_panels/lod_true_planb_cross_exp_idx0010_lod-0041-0042.png
10,lod-0041-0042,0608_1509_lod_true_rgb_dark_block8excl10_dav2s_decoder_e40_R0_aug-baseline_e10_poly,rgb,0608_1509_lod_true_rgb_dark_block8excl10_dav2s_decoder_e40_R0_aug-baseline_e10_poly,/mnt/drive/3333_raw/0000_exp_ckpt/0608_1509_lod_true_rgb_dark_block8excl10_dav2s_decoder_e40_R0_aug-baseline_e10_poly/best_model.pth,30,0.8350636940655152,0.5102058676077056,58.32369104787214,0.49593131305156624,0.3808817545572917,0.750201416015625,0.8610026041666666,81.9303175210143,-38.07101296679717,491520,187211,-2.1179039478302,-2.1179039478302,-1.9512662887573242,-2.0007002353668213,-1.7521568536758423,-1.490718960762024,/home/caq/6666_raw/dav2_raw_0603/finetune_stf/analysis/lod_true_rgb_raw_panel/0608_2347_full_run_names_best_model_random10_seed42_cross_exp/sample_panels/lod_true_planb_cross_exp_idx0010_lod-0041-0042.png
10,lod-0041-0042,0608_2246_lod_true_rgb_dark_block8excl10_dav2s_lora_tap_r8a16_decoder_e40_flip05_poly,rgb,0608_2246_lod_true_rgb_dark_block8excl10_dav2s_lora_tap_r8a16_decoder_e40_flip05_poly,/mnt/drive/3333_raw/0000_exp_ckpt/0608_2246_lod_true_rgb_dark_block8excl10_dav2s_lora_tap_r8a16_decoder_e40_flip05_poly/best_model.pth,22,0.8555342102190762,0.2882234957238548,33.58425889771344,0.3500593695215738,0.7681396484375,0.9253194173177083,0.9491943359375,85.66473125619254,-34.08436475458115,491520,377556,-2.1179039478302,-2.1179039478302,-1.9512662887573242,-2.0007002353668213,-1.7521568536758423,-1.490718960762024,/home/caq/6666_raw/dav2_raw_0603/finetune_stf/analysis/lod_true_rgb_raw_panel/0608_2347_full_run_names_best_model_random10_seed42_cross_exp/sample_panels/lod_true_planb_cross_exp_idx0010_lod-0041-0042.png
10,lod-0041-0042,0608_1739_lod_true_raw_rgb16_block8excl10_ram3_dav2s_decoder_e40_W0_aug-baseline_e10_poly,raw,0608_1739_lod_true_raw_rgb16_block8excl10_ram3_dav2s_decoder_e40_W0_aug-baseline_e10_poly,/mnt/drive/3333_raw/0000_exp_ckpt/0608_1739_lod_true_raw_rgb16_block8excl10_ram3_dav2s_decoder_e40_W0_aug-baseline_e10_poly/best_model.pth,36,0.8298510849415097,0.4816248493085783,56.07954809180427,0.48650356835258063,0.44113566080729166,0.7183675130208333,0.8773783365885417,75.42677640783377,-35.36336417303275,491520,216827,-1.265625,-0.55859375,0.09527231752872467,0.0888671875,0.76171875,1.375,/home/caq/6666_raw/dav2_raw_0603/finetune_stf/analysis/lod_true_rgb_raw_panel/0608_2347_full_run_names_best_model_random10_seed42_cross_exp/sample_panels/lod_true_planb_cross_exp_idx0010_lod-0041-0042.png
10,lod-0041-0042,0608_2026_lod_true_raw_rgb16_block8excl10_ram3_dav2s_ram_lora_tap_r8a16_decoder_e40_flip05_poly,raw,0608_2026_lod_true_raw_rgb16_block8excl10_ram3_dav2s_ram_lora_tap_r8a16_decoder_e40_flip05_poly,/mnt/drive/3333_raw/0000_exp_ckpt/0608_2026_lod_true_raw_rgb16_block8excl10_ram3_dav2s_ram_lora_tap_r8a16_decoder_e40_flip05_poly/best_model.pth,37,0.8450678996860131,0.2546582014128391,30.220671019389,0.8383394003138982,0.7719340006510417,0.91060791015625,0.948419189453125,69.92873120623867,-26.423847969605823,491520,379421,-1.296875,-0.79296875,-0.14142777025699615,-0.1806640625,0.6640625,1.4140625,/home/caq/6666_raw/dav2_raw_0603/finetune_stf/analysis/lod_true_rgb_raw_panel/0608_2347_full_run_names_best_model_random10_seed42_cross_exp/sample_panels/lod_true_planb_cross_exp_idx0010_lod-0041-0042.png
10,lod-0041-0042,0608_2059_lod_true_raw_rgb16_block8excl10_ram3_dav2s_ram_lora_tap_r8a16_bridge_feature_adapter_decoder_e40_flip05_poly,raw,0608_2059_lod_true_raw_rgb16_block8excl10_ram3_dav2s_ram_lora_tap_r8a16_bridge_feature_adapter_decoder_e40_flip05_poly,/mnt/drive/3333_raw/0000_exp_ckpt/0608_2059_lod_true_raw_rgb16_block8excl10_ram3_dav2s_ram_lora_tap_r8a16_bridge_feature_adapter_decoder_e40_flip05_poly/best_model.pth,27,0.850966043064097,0.2487550098696179,30.936124361554036,0.3259542337015606,0.8395060221354167,0.9293619791666666,0.9519632975260417,64.34125429259743,-7.976015162103647,491520,412634,-1.296875,-0.87109375,-0.18407805263996124,-0.201171875,0.57421875,1.3359375,/home/caq/6666_raw/dav2_raw_0603/finetune_stf/analysis/lod_true_rgb_raw_panel/0608_2347_full_run_names_best_model_random10_seed42_cross_exp/sample_panels/lod_true_planb_cross_exp_idx0010_lod-0041-0042.png
22,lod-0665-0666,D0,rgb,DAv2-S_RGB_Dark_init,/mnt/drive/9999_backup_from_home_0514/333_cvpr/da_ours/checkpoints/depth_anything_v2_vits.pth,,nan,0.2472677644755859,67.51997886796516,3.2113414825922444,0.7342610677083333,0.7999674479166666,0.8420694986979167,42.85442176942716,-9.062153327059868,491520,360904,-2.1179039478302,-2.1007790565490723,-1.8569146394729614,-1.930672287940979,-1.333856225013733,0.5310676693916321,/home/caq/6666_raw/dav2_raw_0603/finetune_stf/analysis/lod_true_rgb_raw_panel/0608_2347_full_run_names_best_model_random10_seed42_cross_exp/sample_panels/lod_true_planb_cross_exp_idx0022_lod-0665-0666.png
22,lod-0665-0666,0608_1509_lod_true_rgb_dark_block8excl10_dav2s_decoder_e40_R0_aug-baseline_e10_poly,rgb,0608_1509_lod_true_rgb_dark_block8excl10_dav2s_decoder_e40_R0_aug-baseline_e10_poly,/mnt/drive/3333_raw/0000_exp_ckpt/0608_1509_lod_true_rgb_dark_block8excl10_dav2s_decoder_e40_R0_aug-baseline_e10_poly/best_model.pth,30,0.8350636940655152,0.27471778993369067,56.91007860241349,4.965806028360839,0.6919453938802084,0.7918172200520833,0.843670654296875,55.64512130769557,-37.58997768127267,491520,340105,-2.1179039478302,-2.1007790565490723,-1.8569146394729614,-1.930672287940979,-1.333856225013733,0.5310676693916321,/home/caq/6666_raw/dav2_raw_0603/finetune_stf/analysis/lod_true_rgb_raw_panel/0608_2347_full_run_names_best_model_random10_seed42_cross_exp/sample_panels/lod_true_planb_cross_exp_idx0022_lod-0665-0666.png
22,lod-0665-0666,0608_2246_lod_true_rgb_dark_block8excl10_dav2s_lora_tap_r8a16_decoder_e40_flip05_poly,rgb,0608_2246_lod_true_rgb_dark_block8excl10_dav2s_lora_tap_r8a16_decoder_e40_flip05_poly,/mnt/drive/3333_raw/0000_exp_ckpt/0608_2246_lod_true_rgb_dark_block8excl10_dav2s_lora_tap_r8a16_decoder_e40_flip05_poly/best_model.pth,22,0.8555342102190762,0.30758594913825515,64.11878853839474,5.186440277291022,0.6063273111979167,0.7909423828125,0.8027058919270833,48.77675754878641,-43.48399265186128,491520,298022,-2.1179039478302,-2.1007790565490723,-1.8569146394729614,-1.930672287940979,-1.333856225013733,0.5310676693916321,/home/caq/6666_raw/dav2_raw_0603/finetune_stf/analysis/lod_true_rgb_raw_panel/0608_2347_full_run_names_best_model_random10_seed42_cross_exp/sample_panels/lod_true_planb_cross_exp_idx0022_lod-0665-0666.png
22,lod-0665-0666,0608_1739_lod_true_raw_rgb16_block8excl10_ram3_dav2s_decoder_e40_W0_aug-baseline_e10_poly,raw,0608_1739_lod_true_raw_rgb16_block8excl10_ram3_dav2s_decoder_e40_W0_aug-baseline_e10_poly,/mnt/drive/3333_raw/0000_exp_ckpt/0608_1739_lod_true_raw_rgb16_block8excl10_ram3_dav2s_decoder_e40_W0_aug-baseline_e10_poly/best_model.pth,36,0.8298510849415097,0.23991978310357612,54.05883211600627,4.325960171805114,0.6848653157552084,0.8064860026041667,0.86290283203125,53.45853602914622,-37.51946381890237,491520,336625,-1.5703125,-0.99609375,0.1164349839091301,-0.1796875,2.40625,3.8125,/home/caq/6666_raw/dav2_raw_0603/finetune_stf/analysis/lod_true_rgb_raw_panel/0608_2347_full_run_names_best_model_random10_seed42_cross_exp/sample_panels/lod_true_planb_cross_exp_idx0022_lod-0665-0666.png
22,lod-0665-0666,0608_2026_lod_true_raw_rgb16_block8excl10_ram3_dav2s_ram_lora_tap_r8a16_decoder_e40_flip05_poly,raw,0608_2026_lod_true_raw_rgb16_block8excl10_ram3_dav2s_ram_lora_tap_r8a16_decoder_e40_flip05_poly,/mnt/drive/3333_raw/0000_exp_ckpt/0608_2026_lod_true_raw_rgb16_block8excl10_ram3_dav2s_ram_lora_tap_r8a16_decoder_e40_flip05_poly/best_model.pth,37,0.8450678996860131,0.28393987738018966,69.14742982139278,4.115155834599508,0.665301513671875,0.7927266438802083,0.8284138997395833,40.438774888080644,-30.796445325682097,491520,327009,-1.5078125,-0.95703125,0.11169341206550598,-0.21875,2.9375,5.21875,/home/caq/6666_raw/dav2_raw_0603/finetune_stf/analysis/lod_true_rgb_raw_panel/0608_2347_full_run_names_best_model_random10_seed42_cross_exp/sample_panels/lod_true_planb_cross_exp_idx0022_lod-0665-0666.png
22,lod-0665-0666,0608_2059_lod_true_raw_rgb16_block8excl10_ram3_dav2s_ram_lora_tap_r8a16_bridge_feature_adapter_decoder_e40_flip05_poly,raw,0608_2059_lod_true_raw_rgb16_block8excl10_ram3_dav2s_ram_lora_tap_r8a16_bridge_feature_adapter_decoder_e40_flip05_poly,/mnt/drive/3333_raw/0000_exp_ckpt/0608_2059_lod_true_raw_rgb16_block8excl10_ram3_dav2s_ram_lora_tap_r8a16_bridge_feature_adapter_decoder_e40_flip05_poly/best_model.pth,27,0.850966043064097,0.2632426115754786,68.49608788934479,3.86441834068473,0.686474609375,0.8038411458333333,0.837335205078125,42.76380876154364,-29.46903183761673,491520,337416,-1.5625,-1.0078125,0.13129834830760956,-0.212890625,2.65625,4.15625,/home/caq/6666_raw/dav2_raw_0603/finetune_stf/analysis/lod_true_rgb_raw_panel/0608_2347_full_run_names_best_model_random10_seed42_cross_exp/sample_panels/lod_true_planb_cross_exp_idx0022_lod-0665-0666.png
92,lod-3801-3802,D0,rgb,DAv2-S_RGB_Dark_init,/mnt/drive/9999_backup_from_home_0514/333_cvpr/da_ours/checkpoints/depth_anything_v2_vits.pth,,nan,0.18650778129813256,33.38207542270254,0.2781472408288531,0.8123026529947917,0.91077880859375,0.9428202311197916,59.55270463174617,43.825841947992345,491520,399263,-2.1179039478302,-2.1179039478302,-1.967058777809143,-2.018207311630249,-1.7521568536758423,2.640000104904175,/home/caq/6666_raw/dav2_raw_0603/finetune_stf/analysis/lod_true_rgb_raw_panel/0608_2347_full_run_names_best_model_random10_seed42_cross_exp/sample_panels/lod_true_planb_cross_exp_idx0092_lod-3801-3802.png
92,lod-3801-3802,0608_1509_lod_true_rgb_dark_block8excl10_dav2s_decoder_e40_R0_aug-baseline_e10_poly,rgb,0608_1509_lod_true_rgb_dark_block8excl10_dav2s_decoder_e40_R0_aug-baseline_e10_poly,/mnt/drive/3333_raw/0000_exp_ckpt/0608_1509_lod_true_rgb_dark_block8excl10_dav2s_decoder_e40_R0_aug-baseline_e10_poly/best_model.pth,30,0.8350636940655152,0.141432973703891,30.161364525443407,0.2204889213446025,0.8364522298177083,0.94154052734375,0.9685201009114583,73.36476370263532,9.542238920288534,491520,411133,-2.1179039478302,-2.1179039478302,-1.967058777809143,-2.018207311630249,-1.7521568536758423,2.640000104904175,/home/caq/6666_raw/dav2_raw_0603/finetune_stf/analysis/lod_true_rgb_raw_panel/0608_2347_full_run_names_best_model_random10_seed42_cross_exp/sample_panels/lod_true_planb_cross_exp_idx0092_lod-3801-3802.png
92,lod-3801-3802,0608_2246_lod_true_rgb_dark_block8excl10_dav2s_lora_tap_r8a16_decoder_e40_flip05_poly,rgb,0608_2246_lod_true_rgb_dark_block8excl10_dav2s_lora_tap_r8a16_decoder_e40_flip05_poly,/mnt/drive/3333_raw/0000_exp_ckpt/0608_2246_lod_true_rgb_dark_block8excl10_dav2s_lora_tap_r8a16_decoder_e40_flip05_poly/best_model.pth,22,0.8555342102190762,0.08981343377924617,24.710358194895072,0.15497470884554945,0.9057169596354167,0.9764994303385417,0.9907124837239584,67.9254833984735,0.6949452006290139,491520,445178,-2.1179039478302,-2.1179039478302,-1.967058777809143,-2.018207311630249,-1.7521568536758423,2.640000104904175,/home/caq/6666_raw/dav2_raw_0603/finetune_stf/analysis/lod_true_rgb_raw_panel/0608_2347_full_run_names_best_model_random10_seed42_cross_exp/sample_panels/lod_true_planb_cross_exp_idx0092_lod-3801-3802.png
92,lod-3801-3802,0608_1739_lod_true_raw_rgb16_block8excl10_ram3_dav2s_decoder_e40_W0_aug-baseline_e10_poly,raw,0608_1739_lod_true_raw_rgb16_block8excl10_ram3_dav2s_decoder_e40_W0_aug-baseline_e10_poly,/mnt/drive/3333_raw/0000_exp_ckpt/0608_1739_lod_true_raw_rgb16_block8excl10_ram3_dav2s_decoder_e40_W0_aug-baseline_e10_poly/best_model.pth,36,0.8298510849415097,0.16072298639968075,33.050964719125346,0.22934141634885344,0.842779541015625,0.94595947265625,0.9704060872395833,70.22504001475464,17.85106577456817,491520,414243,-1.3828125,-0.7265625,-0.06759878993034363,-0.134765625,1.0390625,4.25,/home/caq/6666_raw/dav2_raw_0603/finetune_stf/analysis/lod_true_rgb_raw_panel/0608_2347_full_run_names_best_model_random10_seed42_cross_exp/sample_panels/lod_true_planb_cross_exp_idx0092_lod-3801-3802.png
92,lod-3801-3802,0608_2026_lod_true_raw_rgb16_block8excl10_ram3_dav2s_ram_lora_tap_r8a16_decoder_e40_flip05_poly,raw,0608_2026_lod_true_raw_rgb16_block8excl10_ram3_dav2s_ram_lora_tap_r8a16_decoder_e40_flip05_poly,/mnt/drive/3333_raw/0000_exp_ckpt/0608_2026_lod_true_raw_rgb16_block8excl10_ram3_dav2s_ram_lora_tap_r8a16_decoder_e40_flip05_poly/best_model.pth,37,0.8450678996860131,0.10571995969470337,27.26042534892116,0.1754186307124962,0.9038981119791667,0.9702677408854167,0.985479736328125,59.95148259106528,-3.1020276774603674,491520,444284,-1.46875,-0.95703125,-0.22547461092472076,-0.298828125,1.140625,6.3125,/home/caq/6666_raw/dav2_raw_0603/finetune_stf/analysis/lod_true_rgb_raw_panel/0608_2347_full_run_names_best_model_random10_seed42_cross_exp/sample_panels/lod_true_planb_cross_exp_idx0092_lod-3801-3802.png
92,lod-3801-3802,0608_2059_lod_true_raw_rgb16_block8excl10_ram3_dav2s_ram_lora_tap_r8a16_bridge_feature_adapter_decoder_e40_flip05_poly,raw,0608_2059_lod_true_raw_rgb16_block8excl10_ram3_dav2s_ram_lora_tap_r8a16_bridge_feature_adapter_decoder_e40_flip05_poly,/mnt/drive/3333_raw/0000_exp_ckpt/0608_2059_lod_true_raw_rgb16_block8excl10_ram3_dav2s_ram_lora_tap_r8a16_bridge_feature_adapter_decoder_e40_flip05_poly/best_model.pth,27,0.850966043064097,0.11654000463403855,28.938365021116606,0.1798999067342537,0.8835550944010416,0.9686075846354166,0.9848856608072917,62.78110495635955,3.7526525530440633,491520,434285,-1.4921875,-1.0625,-0.42346563935279846,-0.466796875,0.71484375,4.46875,/home/caq/6666_raw/dav2_raw_0603/finetune_stf/analysis/lod_true_rgb_raw_panel/0608_2347_full_run_names_best_model_random10_seed42_cross_exp/sample_panels/lod_true_planb_cross_exp_idx0092_lod-3801-3802.png
